"","Task","DOF","Muscle","M","SD","Median","Min","Max"
"1","task01","11dof","Anconeus",48.4081115772066,28.7155997352601,47.8379613727809,0.010010561077084,99.9886382926178
"2","task01","11dof","Anterior Deltoid",5.68205370101924,4.91531344897519,4.34963888008111,0.00126754478926988,32.4871889652398
"3","task01","11dof","Anterior Supraspinatus",51.3411939569286,28.85017517576,51.7902823706284,0.00385753756914076,99.9731722345229
"4","task01","11dof","Biceps Long Head",54.156572094871,28.5478389776467,56.3317518452755,0.0136761601697288,99.9736315223431
"5","task01","11dof","Biceps Short Head",52.0121152564245,26.4376994703763,52.4778565924187,0.0315721559907112,99.9862381348254
"6","task01","11dof","Brachialis",56.2514941268792,27.9327014871196,59.2913504554097,0.0171590576764968,99.9638687421451
"7","task01","11dof","Brachioradialis",52.0859099708077,28.6487672306518,53.0040786777627,0.00893361747970056,99.9719280570749
"8","task01","11dof","Coracobrachialis",44.3813500585246,27.6511740529027,42.0181982572694,0.00440544046123037,99.9945116984926
"9","task01","11dof","Inferior Infraspinatus",43.8801054591968,26.5630724626762,41.6664113251525,0.00688140748859034,99.996051194324
"10","task01","11dof","Inferior Latissimus Dorsi",5.13321142489259,4.81707699718423,3.68963199507314,0.00169924380752362,42.5765524023229
"11","task01","11dof","Inferior Pectoralis Major",1.28241725043301,1.17495080092731,0.955844799918821,0.000231057740746748,9.99639555808526
"12","task01","11dof","Inferior Rhombiod",3.87855856358,3.62364386526286,2.79195431285636,0.000746432833519106,29.7651359943528
"13","task01","11dof","Inferior Serratus Anterior",6.49592291168214,4.2859875119282,5.99445525242687,0.00213291037571145,23.369987783291
"14","task01","11dof","Inferior Subscapularis",57.076960642852,27.0700991012088,59.4945538720448,0.0304222975433199,99.9976676803692
"15","task01","11dof","Inferior Trapezius, Scapula",5.41555476204137,4.67424694207721,4.16698016769394,0.000286843764232825,29.8529776450004
"16","task01","11dof","Levator Scapula",7.48560229394195,6.50730531910621,5.79750175288381,0.00135755172946533,52.0424887736067
"17","task01","11dof","Middle Deltoid",57.2787560483314,20.9791465849984,57.9996942310166,0.2907441575704,99.9976441414473
"18","task01","11dof","Middle Latissimus Dorsi",4.23205903782408,4.04625161303733,3.0205611147731,0.000825361765034727,34.1936205613055
"19","task01","11dof","Middle Pectoralis Major",3.42434458971866,3.10097362209733,2.53797936426259,0.000899967862966894,22.2879060819156
"20","task01","11dof","Middle Serratus Anterior",25.3562197164912,13.2616090084295,25.171995526817,0.000105336260738942,68.541758307493
"21","task01","11dof","Middle Subscapularis",55.1439157855777,27.5499466594753,57.3049583136633,0.0299262807329392,99.998562954606
"22","task01","11dof","Middle Trapezius, Scapula",3.83127323280358,3.41520463170038,2.88176000169741,0.000273790845167071,23.28706292074
"23","task01","11dof","Pectoralis Minor",13.8553749839467,10.8638442383401,11.4607258281717,0.00512219235224709,66.4193587245071
"24","task01","11dof","Posterior Deltoid",52.795928194439,26.2241429173639,53.6311445172927,0.0125428608150568,99.9988754974086
"25","task01","11dof","Posterior Supraspinatus",50.2552072719597,28.9000184722137,50.6459603287125,0.00539912417459876,99.9976309481843
"26","task01","11dof","Pronator Quadratus",52.555096385127,28.3507641217155,53.768764961799,0.00815916014357265,99.9954173100613
"27","task01","11dof","Pronator Teres, Humeral",54.2819888235427,27.8552926373411,55.3546643024102,0.0050912080800769,99.9867127521039
"28","task01","11dof","Pronator Teres, Ulnar",51.0108878252667,28.8714003568981,51.6265322238046,0.0130245520313266,99.995161203173
"29","task01","11dof","Superior Infraspinatus",45.6011134790823,27.3993945500311,43.9013973056092,0.00448170148349414,99.9851360611943
"30","task01","11dof","Superior Latissimus Dorsi",7.05933766330936,6.59083214573744,5.13568820082885,1.2199199753149e-05,58.4522662538398
"31","task01","11dof","Superior Pectoralis Major",6.35375644932574,5.44263032939784,4.877686395033,0.000157593577705673,35.0981370172151
"32","task01","11dof","Superior Rhombiod",2.57999253464908,2.35466503793189,1.89391168418669,3.16436285639765e-05,19.7830172262267
"33","task01","11dof","Superior Serratus Anterior",18.8901979220501,12.4563388075792,17.1728757436496,0.00714677878146386,68.2514572708506
"34","task01","11dof","Superior Subscapularis",50.3707988912165,28.6331040714879,50.1608142148777,0.00799625572688312,99.9924801297151
"35","task01","11dof","Superior Trapezius, Scapula",2.9671391335003,2.5498512377495,2.27637151132677,0.000489825719849485,17.4685650023462
"36","task01","11dof","Supinator",38.6953233995772,20.9060240967649,37.58942445419,0.0433663617806723,99.7856483845683
"37","task01","11dof","Teres Major",56.6663780795295,26.0384407640695,58.6062510064273,0.00386679405032231,99.9970353580882
"38","task01","11dof","Teres Minor",44.3063739597908,27.0725479996657,42.3799733454774,0.0182176864036543,99.9746833820257
"39","task01","11dof","Trapezius, Clavicle",80.3724068415957,16.275682753911,84.4130415889592,0.520829168403569,99.9995485533017
"40","task01","11dof","Triceps Lateral Head",42.0353470411185,27.30546523842,38.8561511956135,0.00572453801448436,99.9887242667314
"41","task01","11dof","Triceps Long Head",30.1453758535764,20.7342689379255,26.6619416342274,0.00272222310102044,99.3061045311853
"42","task01","11dof","Triceps Medial Head",38.7519666564949,25.6305989585642,35.3489461941665,0.0182383518914364,99.9293022136502
"43","task01","3dof","Anconeus",49.8289663724018,28.5943689481986,49.7718842750527,0.019236325720029,99.9990806169794
"44","task01","3dof","Anterior Deltoid",28.3210213458217,22.4533378158014,23.062731540417,0.00561829492911614,99.8082644527974
"45","task01","3dof","Anterior Supraspinatus",51.2891959922182,28.4989372945623,51.9399347156666,0.0129481277601484,99.9506473559546
"46","task01","3dof","Biceps Long Head",44.1476677604843,28.279727986864,41.5490429776379,0.00700963253807974,99.9945984990519
"47","task01","3dof","Biceps Short Head",26.1504950657429,21.1794462811453,21.0514378012185,0.00208652021354561,99.9813363978931
"48","task01","3dof","Brachialis",50.1125546229493,28.8336851224108,50.2891714585149,0.0145622948561186,99.9796839479928
"49","task01","3dof","Brachioradialis",49.5806244632196,29.1243136999216,49.2570448016521,0.0147193562584025,99.9837695305657
"50","task01","3dof","Coracobrachialis",29.0362776031654,23.0450114084339,23.5699997834572,9.15604703943806e-05,99.8612797697427
"51","task01","3dof","Inferior Infraspinatus",55.6976705200903,27.1601530806869,57.7075142616151,0.00203632260119546,99.9819766199762
"52","task01","3dof","Inferior Latissimus Dorsi",47.1732692696178,28.4976476543365,46.2653200508333,0.00660060943568075,99.9927898845802
"53","task01","3dof","Inferior Pectoralis Major",12.8244618066206,11.1002554851117,9.74724576328823,0.0010578767262015,73.6020938987722
"54","task01","3dof","Inferior Rhombiod",50.4699538944223,28.8506834398165,50.4027515860078,0.017008882612235,99.9803981355494
"55","task01","3dof","Inferior Serratus Anterior",50.4518118353546,28.9570459161748,51.05184556581,0.00522538032204367,99.9835902815356
"56","task01","3dof","Inferior Subscapularis",48.9058400850522,27.5279285030879,48.2219584687947,0.000424481511884789,99.9716008068159
"57","task01","3dof","Inferior Trapezius, Scapula",49.4214992859058,29.1370697456132,49.3205637280115,0.00426193056447532,99.9858423092162
"58","task01","3dof","Levator Scapula",50.1857283630749,28.9259429851662,50.0998287243127,0.0210092675916262,99.9842139495297
"59","task01","3dof","Middle Deltoid",82.8226428768597,13.8066915946137,86.0522881979698,15.9537480035612,99.9967930497215
"60","task01","3dof","Middle Latissimus Dorsi",46.7240802135441,28.5004948234536,45.005317815028,0.0126077475435415,99.9832116697763
"61","task01","3dof","Middle Pectoralis Major",27.0627762395837,22.4080607682303,21.0113881538838,0.00680507255581553,99.9348902951093
"62","task01","3dof","Middle Serratus Anterior",49.8946148840444,28.7755384794933,49.9701804882627,0.0122445610506727,99.9884999433023
"63","task01","3dof","Middle Subscapularis",46.4011948012416,27.8541538037519,44.7760644756532,0.0144116702810448,99.9966465160469
"64","task01","3dof","Middle Trapezius, Scapula",50.0850412797977,28.8183039644842,50.0465446761274,0.0244085907844915,99.9989562869671
"65","task01","3dof","Pectoralis Minor",50.0611890181935,28.8555384304763,50.0870371949589,0.00313979596201497,99.993126154702
"66","task01","3dof","Posterior Deltoid",70.0997215309066,23.0643447766701,75.3483847056559,0.0211136015624502,99.99533991694
"67","task01","3dof","Posterior Supraspinatus",54.2086269434136,28.685207734568,56.0053186351224,0.00194723013073883,99.9670114074997
"68","task01","3dof","Pronator Quadratus",49.9788007802783,29.0850833272967,49.6554492825905,0.0022887218311618,99.995192312509
"69","task01","3dof","Pronator Teres, Humeral",50.3116138006344,28.855859184498,50.6850273793855,0.0145205908408219,99.981340503852
"70","task01","3dof","Pronator Teres, Ulnar",50.1184370372614,28.7186566870624,50.1196745949863,0.0311068805672832,99.961698728241
"71","task01","3dof","Superior Infraspinatus",58.5579897262763,26.9116363695286,61.6630017756273,0.0126620784936637,99.9935221297795
"72","task01","3dof","Superior Latissimus Dorsi",47.4174064990058,28.635363261009,46.1428024337486,0.0211306799941136,99.9886262393161
"73","task01","3dof","Superior Pectoralis Major",32.2683567583098,24.6870380234445,26.509331365557,0.0017004770692941,99.9382821487252
"74","task01","3dof","Superior Rhombiod",49.6671563320736,29.0788487594316,49.2163701367524,0.0168603880842222,99.9923534570042
"75","task01","3dof","Superior Serratus Anterior",49.8912870069868,29.2387847277528,50.0038122836631,0.00320147395155845,99.980640041014
"76","task01","3dof","Superior Subscapularis",43.326413413221,28.0612366851024,39.992297376397,0.00977394127988918,99.9993454051038
"77","task01","3dof","Superior Trapezius, Scapula",50.38632633222,29.0225691121396,50.590762599213,0.00557908307113331,99.9849535425727
"78","task01","3dof","Supinator",50.0551217121675,28.9113225693252,50.0627342701129,0.0569950309533496,99.9562286390502
"79","task01","3dof","Teres Major",50.5530184353236,26.1618841273505,50.7623901668745,0.0132156572941411,99.9914215806969
"80","task01","3dof","Teres Minor",53.5214664102193,27.6159755232619,54.5754284208923,0.0272704896936315,99.9750725333403
"81","task01","3dof","Trapezius, Clavicle",49.8028071705379,28.7175660476342,50.0214911223776,0.000597855207901121,99.9995648900102
"82","task01","3dof","Triceps Lateral Head",50.1114954305648,28.6168517013077,50.1720800006301,0.00355930374433266,99.9770496006252
"83","task01","3dof","Triceps Long Head",41.1335560030744,25.4867579899228,38.5825722986965,0.0020304058733378,99.973376768171
"84","task01","3dof","Triceps Medial Head",49.871317142389,28.7295925283213,50.0931961063037,0.0121886486926903,99.9973933567011
"85","task01","5dof","Anconeus",48.4408733744539,28.5180866544594,47.866431737384,0.0173872303556533,99.9913832425153
"86","task01","5dof","Anterior Deltoid",26.2791957895124,21.6960782765777,20.6556887324693,0.0073426637010543,99.8969565537238
"87","task01","5dof","Anterior Supraspinatus",48.5952121660789,28.6561419179076,48.1536032889776,0.00626523461821904,99.9571494761573
"88","task01","5dof","Biceps Long Head",49.9285061776213,28.3808282728505,50.0062175968169,0.0351758556517368,99.9863671730538
"89","task01","5dof","Biceps Short Head",31.8977515375299,22.7426744553257,27.6042896608353,0.0123233181898164,99.9064199320635
"90","task01","5dof","Brachialis",59.5566672995565,27.0630773330374,63.3527653881867,0.0494947513951849,99.9957594975206
"91","task01","5dof","Brachioradialis",53.1147753094978,28.626046620235,54.4598037623881,0.0491317365169941,99.9819770622645
"92","task01","5dof","Coracobrachialis",28.9554699575329,22.9746680100382,23.1547854114189,0.000203446552010655,99.7528853217369
"93","task01","5dof","Inferior Infraspinatus",56.3523599559791,27.2122802786402,58.6739116530799,0.0707821542458298,99.9928127566009
"94","task01","5dof","Inferior Latissimus Dorsi",48.4335170538318,28.7979064601637,47.9737086314279,0.027697371269203,99.9875965051429
"95","task01","5dof","Inferior Pectoralis Major",13.0036686064005,10.9891765676154,10.1719259137817,0.00215504796373112,75.3599209909901
"96","task01","5dof","Inferior Rhombiod",49.950616296759,28.9627278196458,50.2121026799134,0.000810674051587856,99.9961604638201
"97","task01","5dof","Inferior Serratus Anterior",50.1965854917296,28.8824255818645,49.9006748069386,0.00976819617257707,99.9525505856038
"98","task01","5dof","Inferior Subscapularis",46.8360690794404,27.8279240250178,45.4390673191856,0.000158270962580254,99.9996085176047
"99","task01","5dof","Inferior Trapezius, Scapula",49.4929602356167,28.9993004103204,49.8238114927079,0.00272368440725201,99.9986550938118
"100","task01","5dof","Levator Scapula",49.7391853894218,28.878091390049,49.5816402566955,0.0126643593202802,99.9966907225855
"101","task01","5dof","Middle Deltoid",80.1715018504666,15.0853835796117,83.2521938793279,9.52834242068021,99.9854032763323
"102","task01","5dof","Middle Latissimus Dorsi",47.6680037756362,28.5471769322499,46.5277728698892,0.000223210227334736,99.9749073947375
"103","task01","5dof","Middle Pectoralis Major",26.0466387459346,21.6242480717921,20.4253752621363,0.0196722865274168,99.9385454719177
"104","task01","5dof","Middle Serratus Anterior",50.3091049941587,28.8531501522213,50.65389860657,0.0445224734688221,99.9988881857913
"105","task01","5dof","Middle Subscapularis",42.7773725564837,27.4403539883561,39.8956707466593,0.0208011634916461,99.9922483717128
"106","task01","5dof","Middle Trapezius, Scapula",49.9631263588232,28.9750635603824,49.6913696392715,0.00359166795566024,99.9966415304816
"107","task01","5dof","Pectoralis Minor",49.9614200874215,28.9499563222409,49.9022867488743,0.00272258873723619,99.9622336798455
"108","task01","5dof","Posterior Deltoid",73.5624763630826,21.2220046993159,79.0136009058469,0.00292585367718257,99.9950520323446
"109","task01","5dof","Posterior Supraspinatus",53.8473823184397,28.7590036568448,55.9436276696096,0.0082012555601696,99.9912389208153
"110","task01","5dof","Pronator Quadratus",51.253404317189,28.3304155846084,51.6497590400271,0.00849892249993323,99.9977696196859
"111","task01","5dof","Pronator Teres, Humeral",53.4844909439204,28.3800128938528,54.9428921439586,0.014390910120321,99.9830912972756
"112","task01","5dof","Pronator Teres, Ulnar",50.3798524398256,28.8535937737286,50.3187163113484,0.00867021224707498,99.9906821848178
"113","task01","5dof","Superior Infraspinatus",57.9373031994123,27.416319567267,61.3713893993236,0.000902840524008575,99.9936232539064
"114","task01","5dof","Superior Latissimus Dorsi",48.1314195299894,29.0585622808638,46.9397304791584,0.00030222320305251,99.9993496368253
"115","task01","5dof","Superior Pectoralis Major",30.8072416059971,24.3736400093472,24.6707701577857,0.00479716129606067,99.9454008086408
"116","task01","5dof","Superior Rhombiod",49.9551930485103,29.1937974697082,50.1761979806585,0.0367224008033962,99.9876237289304
"117","task01","5dof","Superior Serratus Anterior",50.0006129452659,28.9047337413638,50.089823093057,0.00933140759508122,99.9836201122967
"118","task01","5dof","Superior Subscapularis",42.640325045058,28.0150610641909,39.4087860870409,0.0157130148028595,99.9366946434339
"119","task01","5dof","Superior Trapezius, Scapula",50.0565244012576,28.668727480467,50.0071563834544,0.0194271455932371,99.9954588710246
"120","task01","5dof","Supinator",44.4687934202112,21.7924645263656,44.162483484502,0.101202751926349,99.5925384074799
"121","task01","5dof","Teres Major",59.8374915746166,24.3422552408489,62.1560017925711,0.132187754202329,99.974839468755
"122","task01","5dof","Teres Minor",55.990838419439,27.2625151653165,58.3124986829465,0.00855516438584836,99.9997048969637
"123","task01","5dof","Trapezius, Clavicle",49.8609263249625,28.8201514455864,49.7575764592209,0.0129976288629097,99.9858289544798
"124","task01","5dof","Triceps Lateral Head",36.9555179125496,25.8198291476265,32.6322633388498,0.0152703619682115,99.8714527106116
"125","task01","5dof","Triceps Long Head",25.3648831998784,17.7667998707313,22.2991613884229,0.00732432505010649,99.3045367112473
"126","task01","5dof","Triceps Medial Head",33.1175855534768,23.6362743119924,29.0756234276615,0.0027821494823943,99.6883261266579
"127","task01","8dof","Anconeus",49.2782295157821,28.8189560786499,48.7019655368275,0.0271833968530977,99.9980024964905
"128","task01","8dof","Anterior Deltoid",6.93125165172858,5.92684523712823,5.35760418796295,0.00112531777218539,40.6294004976777
"129","task01","8dof","Anterior Supraspinatus",51.0441366782724,28.8139712977534,51.5708224652775,0.0115910236936689,99.9889221359752
"130","task01","8dof","Biceps Long Head",53.7983443562195,28.219809186901,55.1818649769588,0.00826236481753506,99.9978888481428
"131","task01","8dof","Biceps Short Head",51.0698842901328,26.429418187581,51.570557912432,0.0102983773000553,99.9963984085727
"132","task01","8dof","Brachialis",56.3703716782306,28.0542378125685,59.046530213146,0.0366091258076184,99.9778521490849
"133","task01","8dof","Brachioradialis",52.3055832194939,28.6358021898866,53.3353485916404,0.00984423342481611,99.9834266391862
"134","task01","8dof","Coracobrachialis",43.5944352222255,27.0400194570382,41.3114663244817,0.0080274060571095,99.9583731163359
"135","task01","8dof","Inferior Infraspinatus",44.8540022412047,26.8014611787333,43.3416775920319,0.03807723542818,99.9330766466263
"136","task01","8dof","Inferior Latissimus Dorsi",15.0961204065758,14.1093343004686,11.0700716318314,0.00486855825982124,95.2737962043012
"137","task01","8dof","Inferior Pectoralis Major",2.16775204750148,1.92677075740337,1.6381446820819,7.99629153690196e-05,13.784932498528
"138","task01","8dof","Inferior Rhombiod",4.01588880856965,3.7850231434346,2.89089101978457,0.000615156932450706,33.9976887320053
"139","task01","8dof","Inferior Serratus Anterior",12.0762309699923,6.20234692730836,11.9000852293285,0.00205656727365056,36.3456910025438
"140","task01","8dof","Inferior Subscapularis",55.3248449261498,27.2967094767478,57.1785124457604,0.00756338186893579,99.9829181581264
"141","task01","8dof","Inferior Trapezius, Scapula",19.7028845717578,16.1844599463129,15.6634803468031,0.0042364722858873,98.9884059015412
"142","task01","8dof","Levator Scapula",5.3595499967652,4.97804116256093,3.88922575717732,0.000426386160188447,37.294838727388
"143","task01","8dof","Middle Deltoid",60.2029043982917,20.5508315997209,61.4807273901672,0.130407171799829,99.9561081533431
"144","task01","8dof","Middle Latissimus Dorsi",12.0398196948251,11.2284915484625,8.74984063284925,0.00164314697656542,94.6382943620073
"145","task01","8dof","Middle Pectoralis Major",5.00230548517695,4.46422341008025,3.74566601266734,0.000748760946777532,29.6066321451968
"146","task01","8dof","Middle Serratus Anterior",11.4664036681928,10.1600020315562,8.6144410340537,0.000615909994466923,63.9149358798776
"147","task01","8dof","Middle Subscapularis",53.6655460427733,27.5230683105005,55.1578659033249,0.00356388502253946,99.9973955810531
"148","task01","8dof","Middle Trapezius, Scapula",5.58194739806815,5.12350511109972,4.0902736262161,0.000467682767262695,38.0981192743614
"149","task01","8dof","Pectoralis Minor",68.9270128654131,24.5198403579635,75.0361987721713,0.0831437122023604,99.9927438956932
"150","task01","8dof","Posterior Deltoid",54.4166299000291,26.0669117874466,55.7290377206403,0.0227493299209347,99.9839055413088
"151","task01","8dof","Posterior Supraspinatus",50.0008862495082,28.8159110164734,50.2319292921299,0.00480397480765449,99.9905825712395
"152","task01","8dof","Pronator Quadratus",51.881411227654,28.3931816939839,52.5656755800342,0.000386808317931475,99.9973602951038
"153","task01","8dof","Pronator Teres, Humeral",54.1943249638081,27.964823213942,55.8826964058275,0.0123564478495153,99.9996667436056
"154","task01","8dof","Pronator Teres, Ulnar",50.6730417571052,28.8389943943856,50.6767547709789,0.00192685977732365,99.9976628498598
"155","task01","8dof","Superior Infraspinatus",47.0960240089937,27.8396276390276,45.6963743617536,0.0245193118949993,99.9813417055277
"156","task01","8dof","Superior Latissimus Dorsi",15.8219552158507,14.7900239793935,11.4839751370542,0.00206254763223668,99.5707848481041
"157","task01","8dof","Superior Pectoralis Major",7.3891900568164,6.41803503089539,5.66757983938768,7.92918837866363e-05,46.3009420209817
"158","task01","8dof","Superior Rhombiod",2.45401490268832,2.33018616325795,1.76636477384734,0.000619636256251471,16.9179197677344
"159","task01","8dof","Superior Serratus Anterior",11.3688469057235,9.8522795115905,8.78427139059512,0.000295939258507238,67.3069387082753
"160","task01","8dof","Superior Subscapularis",50.1021000443218,28.5793804330794,49.8520547866506,0.00135224541654155,99.9968013933196
"161","task01","8dof","Superior Trapezius, Scapula",2.55688366371082,2.3177280808356,1.90794022265002,0.00121046382171586,19.1723115344139
"162","task01","8dof","Supinator",38.7716513018782,20.9740592487507,37.627688354772,0.0260674691191842,99.9751942157407
"163","task01","8dof","Teres Major",55.0296190021914,26.1409765394289,56.3299151512534,0.0597560356465299,99.9953984443452
"164","task01","8dof","Teres Minor",45.8911382994268,27.2645307824975,44.5441348061069,0.0380069666025329,99.9981494425989
"165","task01","8dof","Trapezius, Clavicle",50.1381416365156,28.9207168260575,50.2236080014917,0.00580312961566132,99.9962155783829
"166","task01","8dof","Triceps Lateral Head",41.8515909922981,26.9736480419466,38.5780722174828,0.002194924359189,99.9700650413532
"167","task01","8dof","Triceps Long Head",29.9195601662363,20.6255440398408,26.5283341698705,0.0200121309891388,98.9277283385521
"168","task01","8dof","Triceps Medial Head",38.3051892113706,25.5371007868035,34.4126284757568,0.0167711689655348,99.9961020525038
"169","task02","11dof","Anconeus",49.2073045517339,28.8526657908486,48.7982475536235,7.54848436590461e-05,99.9986731882809
"170","task02","11dof","Anterior Deltoid",6.61135609637846,5.59887840892478,5.09654372753649,0.00133556616505187,38.7388672905904
"171","task02","11dof","Anterior Supraspinatus",51.1495920814212,28.6140845042405,51.7132270262821,0.0207392225474945,99.9824136149276
"172","task02","11dof","Biceps Long Head",52.101791746487,28.4910404402176,52.8827289154793,0.00827960816695006,99.9937990500398
"173","task02","11dof","Biceps Short Head",44.9886222925288,26.78216721065,43.1166981760508,0.0228903971525196,99.9018355472612
"174","task02","11dof","Brachialis",54.6941098097651,27.8663609849004,56.6955583368945,0.00635195793677878,99.9921085142315
"175","task02","11dof","Brachioradialis",51.6728646084584,28.7009369624025,52.5076522310741,0.00745099043195641,99.9753066247087
"176","task02","11dof","Coracobrachialis",41.3241373774015,26.8862668503252,37.9647174662872,0.0287619336604261,99.9860284164799
"177","task02","11dof","Inferior Infraspinatus",38.1956223460271,25.7046175904372,34.404900435079,0.00253829165803299,99.9680608521984
"178","task02","11dof","Inferior Latissimus Dorsi",8.97224749035254,7.90571404361189,6.73048191367528,0.000899470827299409,59.0420207208041
"179","task02","11dof","Inferior Pectoralis Major",2.04180356622446,1.83793696371267,1.50768252528633,4.65360601695913e-05,14.2547398534681
"180","task02","11dof","Inferior Rhombiod",5.78335149096428,5.3822619515219,4.23352063765129,0.000467646453588405,48.8014337405001
"181","task02","11dof","Inferior Serratus Anterior",2.34997289816142,2.01440897756425,1.82952576274916,0.000524065396378948,13.8496868165031
"182","task02","11dof","Inferior Subscapularis",60.7776923509517,26.5021967288919,64.3797458459593,0.0789525016150705,99.9912759983902
"183","task02","11dof","Inferior Trapezius, Scapula",3.55851373719857,3.20145357000378,2.65135784291259,0.0012348197577651,22.5911349961083
"184","task02","11dof","Levator Scapula",17.5142947883325,11.9424550064614,15.6479702928611,0.00274831651440599,70.458917889296
"185","task02","11dof","Middle Deltoid",49.5711046845532,21.4298603153754,49.4453592339213,0.130167228393274,99.8991517599145
"186","task02","11dof","Middle Latissimus Dorsi",6.91530197054058,6.17120755131275,5.14263658085889,0.000488975096270272,41.9357360821013
"187","task02","11dof","Middle Pectoralis Major",4.7979872049725,4.17061123627338,3.70334553985054,0.00141873565537853,28.0520772951072
"188","task02","11dof","Middle Serratus Anterior",8.89698518076289,6.98562822799762,7.3781805115464,0.000923845794514877,44.7821009574401
"189","task02","11dof","Middle Subscapularis",58.0972832361215,27.2372469614508,61.3450014965574,0.0229702187895753,99.9922423776096
"190","task02","11dof","Middle Trapezius, Scapula",3.03347532863232,2.72480852616513,2.27283895224601,0.000115952516140799,19.7153838576126
"191","task02","11dof","Pectoralis Minor",17.3663063193233,13.5319212083393,14.3522169088116,6.02009557537642e-05,80.3454809186384
"192","task02","11dof","Posterior Deltoid",56.5952776764016,25.7960911103367,58.4584589105583,0.0165510818393,99.9940796809284
"193","task02","11dof","Posterior Supraspinatus",48.9903466528102,28.9031460151702,48.323205841392,0.0125799884685529,99.9397164093522
"194","task02","11dof","Pronator Quadratus",53.4637364041535,27.842778222081,55.1043156622988,0.0217987750274928,99.9998341521988
"195","task02","11dof","Pronator Teres, Humeral",54.4924857692266,27.7084552933472,56.3776938504975,0.0146215425134821,99.9962441981309
"196","task02","11dof","Pronator Teres, Ulnar",50.8471116212557,28.8135068923569,50.868908148004,0.00494258982771667,99.9922198251375
"197","task02","11dof","Superior Infraspinatus",41.7174109255622,27.30033943366,38.043292373531,0.00417885255653561,99.9830494827754
"198","task02","11dof","Superior Latissimus Dorsi",10.9907830786192,9.96912315764004,8.14186892616321,0.000126218016027746,70.4652617461364
"199","task02","11dof","Superior Pectoralis Major",6.90853977561101,5.85046779680549,5.39782819951883,0.00207092135028619,42.7398281739366
"200","task02","11dof","Superior Rhombiod",3.9145964181943,3.59761417340946,2.9071794709546,0.000352750256780304,30.6080978945126
"201","task02","11dof","Superior Serratus Anterior",25.215658042552,14.3074841210661,24.1323211162198,0.00518129518782828,90.8254008102312
"202","task02","11dof","Superior Subscapularis",51.6084803435316,28.6934833598503,52.5011934078999,0.000125808606143973,99.9894724983222
"203","task02","11dof","Superior Trapezius, Scapula",2.80197520775202,2.43498459381537,2.15179626089047,0.000522037239874401,16.1171000135831
"204","task02","11dof","Supinator",36.4299021659719,20.5061012993657,34.838779546584,0.000952961122668849,99.5729060398152
"205","task02","11dof","Teres Major",63.6148299877957,24.5371455913571,66.8838437976584,0.0877739992178994,99.9814601065855
"206","task02","11dof","Teres Minor",40.465010210479,26.3800124266828,37.069004654971,0.0175646292425169,99.9443058215888
"207","task02","11dof","Trapezius, Clavicle",64.7524423077767,24.2843280016318,68.6316640936552,0.0171414658832525,99.9972565181249
"208","task02","11dof","Triceps Lateral Head",43.7510099153849,27.3920856792322,41.3668342745853,0.0114282339691518,99.9866357712707
"209","task02","11dof","Triceps Long Head",35.1407435857282,22.7031920663937,32.0867360474336,0.00560302808078617,99.8361235143829
"210","task02","11dof","Triceps Medial Head",40.529559166326,26.3676324485083,37.5972021137718,0.00686927922838865,99.9925601348129
"211","task02","3dof","Anconeus",50.1833385951489,28.7388089065199,50.5486764401393,0.0205620351004188,99.9962216618857
"212","task02","3dof","Anterior Deltoid",27.2093038370662,22.0608738771717,21.5670603601229,0.00855586676019038,99.8659351025349
"213","task02","3dof","Anterior Supraspinatus",50.215726698276,28.8301786944435,50.4735159765074,0.011030961552394,99.9924052297148
"214","task02","3dof","Biceps Long Head",42.8262183881353,28.165173949517,39.8880532842383,0.0102264168893806,99.9963023346821
"215","task02","3dof","Biceps Short Head",25.0171612914952,20.6729455295425,19.6316233200257,0.0203718173175715,99.9980058955513
"216","task02","3dof","Brachialis",49.8696603598883,28.895516823864,49.7413073658408,0.0358074079121695,99.9887049798154
"217","task02","3dof","Brachioradialis",49.696771929473,28.9182719564767,49.4274756373278,0.00182357954140455,99.9897295775994
"218","task02","3dof","Coracobrachialis",27.6293081340804,22.3331195098694,21.9740923113233,4.97615252836869e-05,99.8734835378453
"219","task02","3dof","Inferior Infraspinatus",49.7606343964866,27.6491372686243,49.8059189011055,0.00593018473067364,99.9973602793826
"220","task02","3dof","Inferior Latissimus Dorsi",49.9762188546022,28.5441654524551,50.7976726021162,0.00913259291475121,99.9918500351228
"221","task02","3dof","Inferior Pectoralis Major",13.7943395380291,11.6850136470216,10.6525515267098,0.00468134373360352,72.5054224214784
"222","task02","3dof","Inferior Rhombiod",50.5791379854242,29.008073733576,50.4167109492467,0.00448888805354986,99.9864321483392
"223","task02","3dof","Inferior Serratus Anterior",50.411850805305,28.8860728015436,50.4752244412648,0.00567672125692531,99.9947875208537
"224","task02","3dof","Inferior Subscapularis",53.324843290945,27.4061487207943,54.6061091433178,0.000515244060839137,99.9927371805668
"225","task02","3dof","Inferior Trapezius, Scapula",49.4361355522338,29.034943536681,49.3113008068691,0.0387141591555229,99.9812472819723
"226","task02","3dof","Levator Scapula",50.205874466222,28.7539227020754,50.2290382353312,0.0444120059666708,99.9962126921734
"227","task02","3dof","Middle Deltoid",79.4386694252595,15.7969694472079,82.6751016867244,7.18474870955628,99.9922545538893
"228","task02","3dof","Middle Latissimus Dorsi",49.8679033828056,28.7378806034434,49.9126777333795,0.0469010458057251,99.9747725725939
"229","task02","3dof","Middle Pectoralis Major",27.8926186813829,22.7752214906612,22.0302027975865,0.0035937620096349,99.9232062068664
"230","task02","3dof","Middle Serratus Anterior",50.0586226747286,28.553793563719,50.2002605081596,0.000538577471248525,99.9969373261924
"231","task02","3dof","Middle Subscapularis",48.1678998654277,28.051925787248,47.1842809336432,0.010118880707477,99.9895056103813
"232","task02","3dof","Middle Trapezius, Scapula",50.1337412461816,28.880732812081,49.9041187072263,0.0194775963608895,99.9985128972384
"233","task02","3dof","Pectoralis Minor",50.5518416910489,28.8033755314978,50.99209677639,0.0122129526288373,99.9926965144397
"234","task02","3dof","Posterior Deltoid",72.341312098406,22.2857210046604,77.6803182269463,0.177678630439504,99.9966738929307
"235","task02","3dof","Posterior Supraspinatus",53.0422702534048,28.6863309707035,54.3615476478684,0.00176758299975655,99.9807867219483
"236","task02","3dof","Pronator Quadratus",50.1490766769282,28.946833218129,50.1846134951237,0.0273029017802184,99.99520857762
"237","task02","3dof","Pronator Teres, Humeral",50.3344202282285,28.9416311527308,50.1655240090783,0.00473224197803379,99.9914391191206
"238","task02","3dof","Pronator Teres, Ulnar",50.0713553685139,28.6641491372444,50.0724214550305,0.0167951318167214,99.9942897045348
"239","task02","3dof","Superior Infraspinatus",53.422617834644,27.6957055388006,54.8838303909009,0.126203906062217,99.9651238931935
"240","task02","3dof","Superior Latissimus Dorsi",48.8222405487772,29.0349874696649,48.1001294129306,0.0206726760957676,99.9922555750018
"241","task02","3dof","Superior Pectoralis Major",31.7855342962091,24.5118635196996,26.1105783107532,0.00335185025569507,99.9781241117621
"242","task02","3dof","Superior Rhombiod",49.7895473296318,28.8618301478338,49.7354509886108,0.0178914435806532,99.9906146101124
"243","task02","3dof","Superior Serratus Anterior",49.6553924704118,29.0841839336654,49.4867206200823,0.0124416645357006,99.9921636376326
"244","task02","3dof","Superior Subscapularis",43.516099492915,28.1633823065428,40.7439184680262,0.0155881800000868,99.9994702461115
"245","task02","3dof","Superior Trapezius, Scapula",50.2880358386606,28.9094236571095,50.4927563213568,0.0137845951320825,99.9991490062681
"246","task02","3dof","Supinator",50.1931820852193,29.048378843922,50.1028148750579,0.000829930620954711,99.9705978799841
"247","task02","3dof","Teres Major",61.243162017455,25.1428941491052,64.3684852531951,0.0380074577776446,99.995419257326
"248","task02","3dof","Teres Minor",49.7796541911484,28.009434360257,49.4927361977294,0.0339283783283628,99.9923351815824
"249","task02","3dof","Trapezius, Clavicle",50.0929353472118,28.6999193951144,49.7634561846966,0.00788131311221241,99.9987958460472
"250","task02","3dof","Triceps Lateral Head",50.2015864462943,28.6634556985253,50.238900701581,0.00742001712714102,99.9868858649543
"251","task02","3dof","Triceps Long Head",48.2803985219219,25.9917909883902,47.4012021372047,0.0576593288478144,99.9835461646514
"252","task02","3dof","Triceps Medial Head",49.9311786258288,28.7196054133237,50.2264512749379,0.0174773049843424,99.9942056411552
"253","task02","5dof","Anconeus",48.5357382209031,28.9510230338915,47.9250085144032,0.0141801686484422,99.958610946586
"254","task02","5dof","Anterior Deltoid",25.2582827575405,21.06482076305,19.5654795617797,0.0179608360049155,99.998334685962
"255","task02","5dof","Anterior Supraspinatus",46.7422691084083,28.3901973605376,45.4941728156482,0.00305228528191259,99.99412054721
"256","task02","5dof","Biceps Long Head",47.6490734085684,28.4552793157464,46.7808589134137,0.00971738228549013,99.9987250490975
"257","task02","5dof","Biceps Short Head",28.71768550667,21.6210647251775,24.2333221241032,0.0149808158961873,99.9298055679336
"258","task02","5dof","Brachialis",58.3335569401974,27.445427428519,61.9008046621131,0.0221497191951303,99.9908235293918
"259","task02","5dof","Brachioradialis",52.8970655787661,28.8422692596085,54.606120064351,0.0300565717689216,99.9925651510178
"260","task02","5dof","Coracobrachialis",27.6620036584441,22.4638846898099,22.0556731262521,0.000165596529988488,99.9956563736629
"261","task02","5dof","Inferior Infraspinatus",49.5580709674401,27.3761204657805,49.2482591882131,0.0387685448010933,99.9799413533042
"262","task02","5dof","Inferior Latissimus Dorsi",50.3527386185884,28.5525859910159,50.2031436365957,0.00533201952960249,99.9843430230694
"263","task02","5dof","Inferior Pectoralis Major",14.0421778245377,11.6564724148265,11.0428300312165,0.000744464509244702,72.9610330548658
"264","task02","5dof","Inferior Rhombiod",50.5730023150134,28.7026265258798,50.9214842562102,0.000660752962150513,99.9665347308899
"265","task02","5dof","Inferior Serratus Anterior",49.9909824558614,28.7186227837652,50.0951628166465,0.00114892921367349,99.9939240661667
"266","task02","5dof","Inferior Subscapularis",51.023545968359,27.825989039268,51.6686386926782,0.00912808648506624,99.9999589000527
"267","task02","5dof","Inferior Trapezius, Scapula",49.9823821306093,28.8984669635894,49.797215461848,0.0153112326299387,99.9815525273968
"268","task02","5dof","Levator Scapula",49.7328974243295,28.8956118905227,49.5362607938216,0.00134933210939048,99.9982937420208
"269","task02","5dof","Middle Deltoid",76.0240394583515,16.8980566112632,78.7621220065945,1.98799270858866,99.9945738633686
"270","task02","5dof","Middle Latissimus Dorsi",50.4778870800732,28.5744229047542,50.5513523804423,0.0131635784292539,99.9982926667796
"271","task02","5dof","Middle Pectoralis Major",26.9206512260734,21.8864123782139,21.4339603760063,0.0139006729620583,99.8387204926014
"272","task02","5dof","Middle Serratus Anterior",50.0899622614338,28.9541008260157,49.8436728120545,0.0151145007082631,99.9828146404163
"273","task02","5dof","Middle Subscapularis",45.0626073289667,27.7689202616119,42.7423020984841,0.0116835938821169,99.9942718133391
"274","task02","5dof","Middle Trapezius, Scapula",50.159862988263,29.0062463866991,50.5217647119588,0.0238107888562267,99.9716188795813
"275","task02","5dof","Pectoralis Minor",50.4096203497135,28.9001048218312,50.4747679667225,0.00682491745767067,99.9944308162299
"276","task02","5dof","Posterior Deltoid",75.5646358553711,20.2439416122654,80.8242640898045,0.000430666027106952,99.9949105352587
"277","task02","5dof","Posterior Supraspinatus",52.5340357780353,28.9952088243332,53.6512881550964,0.02100271601716,99.9991188376165
"278","task02","5dof","Pronator Quadratus",51.7028559778986,28.3989364200164,52.7976970399371,0.00252802872882096,99.9983320609302
"279","task02","5dof","Pronator Teres, Humeral",53.6767395103795,28.04888630387,55.4213696296909,0.000471794197354214,99.9790334715624
"280","task02","5dof","Pronator Teres, Ulnar",51.1249037645641,28.6784644127928,51.5507060124748,0.0152316728655011,99.9902551382775
"281","task02","5dof","Superior Infraspinatus",52.3900384667158,27.7600145042224,53.4394214637007,0.0160651942424317,99.9997887179573
"282","task02","5dof","Superior Latissimus Dorsi",49.5053843345371,29.2008678397618,49.4134566144524,0.000277833431339136,99.9986029094907
"283","task02","5dof","Superior Pectoralis Major",30.4323315123556,23.8979155939169,24.694407839218,0.00755164700203537,99.9487647639261
"284","task02","5dof","Superior Rhombiod",49.9434250972603,28.7694879509758,49.8882868158598,0.000236619000903993,99.9828622752562
"285","task02","5dof","Superior Serratus Anterior",49.5471031561889,28.8237415540839,49.5857470454604,0.00890311203999294,99.9960331208492
"286","task02","5dof","Superior Subscapularis",43.4721099649282,28.120811155297,40.6433196911676,0.00995733363561846,99.995865869867
"287","task02","5dof","Superior Trapezius, Scapula",50.0267125360227,28.8722497757757,50.1462888458721,0.0907965855286297,99.9851483929933
"288","task02","5dof","Supinator",40.9563108527731,21.3322782648004,40.1860706162807,0.00446460481057787,99.2503357716046
"289","task02","5dof","Teres Major",68.814461346291,22.5168113880283,73.1345685830528,0.290830427001043,99.9967192306017
"290","task02","5dof","Teres Minor",52.7018747186143,27.4916076465534,53.8644155636901,0.00976166042113702,99.9981549674002
"291","task02","5dof","Trapezius, Clavicle",50.2081747871343,28.686168748325,50.39857591614,0.00162447151865752,99.9935521049308
"292","task02","5dof","Triceps Lateral Head",38.5884226509907,26.2125391757991,34.3960021736831,0.0138131647434647,99.9423563431553
"293","task02","5dof","Triceps Long Head",32.7694237137501,20.343177822063,30.3992832055612,0.00707592199704066,98.3197691530427
"294","task02","5dof","Triceps Medial Head",34.9971156916987,24.1351247052359,31.0703828401559,0.00863548857855667,99.7368738505495
"295","task02","8dof","Anconeus",49.3647799924495,28.958484698546,48.6299891825458,0.0213280073467825,99.9989778017494
"296","task02","8dof","Anterior Deltoid",6.98421664430024,6.06598337762072,5.3060288447353,0.000235496293340964,42.6195336031623
"297","task02","8dof","Anterior Supraspinatus",50.6365818258876,28.6453124883168,51.0890027300576,0.0198300025410325,99.9902919767729
"298","task02","8dof","Biceps Long Head",51.9214674381303,28.5245859285935,52.6577457381602,0.00434949034078258,99.9677448977791
"299","task02","8dof","Biceps Short Head",45.482237965385,26.5947447460691,43.9583127142198,0.00847821019680506,99.9940903144818
"300","task02","8dof","Brachialis",55.2788957992134,27.9755453967348,57.6326082208487,0.000526104349007905,99.9869845644495
"301","task02","8dof","Brachioradialis",51.9967696096276,28.7699173432177,53.0916393275054,0.0118009675675323,99.9795770260662
"302","task02","8dof","Coracobrachialis",41.3293027691126,26.8926828110245,37.6608603675702,0.00853720075438824,99.9543887238401
"303","task02","8dof","Inferior Infraspinatus",40.8663178164404,26.3888543181906,37.8369341756368,0.000512800807073166,99.9694022100385
"304","task02","8dof","Inferior Latissimus Dorsi",26.2567603890322,21.0988119070207,21.023123760122,0.00269485616240517,99.9451108479089
"305","task02","8dof","Inferior Pectoralis Major",2.57111760451108,2.27281784295425,1.92917070679577,0.000204013053188568,16.1612627406815
"306","task02","8dof","Inferior Rhombiod",5.19663580154884,4.92549489555211,3.7679162345949,0.000637248494631676,46.4801690562857
"307","task02","8dof","Inferior Serratus Anterior",5.21573584928257,4.09060488230518,4.31285393881258,2.48752430383192e-05,26.7262701479859
"308","task02","8dof","Inferior Subscapularis",59.1827493002792,26.5472551054532,62.4679142275881,0.0214999642276781,99.996321242352
"309","task02","8dof","Inferior Trapezius, Scapula",14.96841110864,12.6420812460298,11.6308800976495,0.00531694349184542,87.3264213983165
"310","task02","8dof","Levator Scapula",7.27921524949966,6.74850933710433,5.31792943610394,0.000775039997705229,55.5565698639626
"311","task02","8dof","Middle Deltoid",54.2012495995337,21.6029275525264,54.5356962285481,0.0195138298490716,99.9950388450912
"312","task02","8dof","Middle Latissimus Dorsi",21.5232571168957,17.7007558387817,17.1354936032148,0.000543809673597684,99.0246862498172
"313","task02","8dof","Middle Pectoralis Major",5.42330137553333,4.73670532021967,4.11802033550239,0.000611009404950097,33.6989569781292
"314","task02","8dof","Middle Serratus Anterior",8.20862122982101,7.32742444615432,6.20455434027205,0.000283005639388489,56.4786152381537
"315","task02","8dof","Middle Subscapularis",55.7252018529067,27.1462004229803,57.5042728699207,0.0383839823701604,99.9931253707472
"316","task02","8dof","Middle Trapezius, Scapula",6.79737464368887,6.23823445708847,4.97216220130157,0.000189765813704557,45.111501595011
"317","task02","8dof","Pectoralis Minor",65.2547229958426,25.9961467973578,70.8962050668726,0.0296939452424483,99.9949628008091
"318","task02","8dof","Posterior Deltoid",56.3516064964539,25.7745111887223,58.0767895042293,0.0196368002765568,99.9910955350881
"319","task02","8dof","Posterior Supraspinatus",49.1188032795693,28.7943894507423,48.5865611353395,0.00788930160695589,99.9710173466037
"320","task02","8dof","Pronator Quadratus",53.5437657658188,27.9571367578942,54.9515397901043,0.00649498806601922,99.9906064112423
"321","task02","8dof","Pronator Teres, Humeral",54.440878179434,27.9174181390308,56.104529226424,0.00416837113466073,99.9851576157461
"322","task02","8dof","Pronator Teres, Ulnar",50.9153503823251,28.8053580859603,51.920191705405,0.00305635270875237,99.9977937365365
"323","task02","8dof","Superior Infraspinatus",43.4741079401758,27.2827996399995,40.9218811913189,0.00503246586843753,99.9566920280329
"324","task02","8dof","Superior Latissimus Dorsi",26.3473706450194,21.7003220784182,21.0932101249885,0.00517397227136063,99.9677819749684
"325","task02","8dof","Superior Pectoralis Major",7.54207826584022,6.45289240294406,5.86040920805704,0.000135773739157186,48.1066629511802
"326","task02","8dof","Superior Rhombiod",3.17807859510793,2.99221541801088,2.27581315597926,6.88314621924424e-05,24.9469531484608
"327","task02","8dof","Superior Serratus Anterior",12.3612905718045,10.7496502007165,9.51161317664363,0.000151077120413845,74.6120189510751
"328","task02","8dof","Superior Subscapularis",50.3836914877402,28.8319307817687,50.9333884889543,0.00320257064794216,99.9989680862625
"329","task02","8dof","Superior Trapezius, Scapula",3.44592409095208,3.07612796295117,2.62253810201679,0.000315747547913886,22.4256342290364
"330","task02","8dof","Supinator",36.4993706462902,20.3199856619633,34.9553150947375,0.0815887699909812,99.7980616402614
"331","task02","8dof","Teres Major",60.9389311456304,25.1516203314572,64.2881528592999,0.00821301776039451,99.9973120049809
"332","task02","8dof","Teres Minor",42.5198835582854,26.8281800821008,40.1318374911127,0.0255256530860448,99.9623494990955
"333","task02","8dof","Trapezius, Clavicle",50.0356571135429,28.7338051448213,49.8892663809327,0.0118162607316175,99.9759704749259
"334","task02","8dof","Triceps Lateral Head",43.6194775364338,27.7583360327628,40.7726057526738,0.00275112306805658,99.9734219020809
"335","task02","8dof","Triceps Long Head",35.4993823399968,22.7089574066479,32.7611844188548,0.0185235513697424,99.905968843094
"336","task02","8dof","Triceps Medial Head",40.8279888687997,26.1606442740438,37.895145991684,0.00122388040301735,99.9248949526995
"337","task03","11dof","Anconeus",49.3011549614315,28.6293824582387,48.9546583628252,0.00414899101157107,99.9948598514373
"338","task03","11dof","Anterior Deltoid",3.48586096108619,3.01535857548894,2.67416309376923,0.000757645977424865,21.1518478291819
"339","task03","11dof","Anterior Supraspinatus",51.8587334707213,29.033420547317,52.3801993881653,0.0123872863555419,99.9922078769837
"340","task03","11dof","Biceps Long Head",50.1119758939199,28.5350217490689,50.0999485642784,0.013468951197193,99.9965314675704
"341","task03","11dof","Biceps Short Head",39.2694447055585,25.3419482545204,35.9755290684644,0.00936789646965308,99.9412599089337
"342","task03","11dof","Brachialis",53.0822523644246,28.2365425271513,54.7858860694635,0.0298103156967433,99.9928555083883
"343","task03","11dof","Brachioradialis",51.2890686904718,28.7774157865225,52.1756373044053,0.0188773634963391,99.9921595770066
"344","task03","11dof","Coracobrachialis",39.6266299962535,26.5426293723671,36.000339950758,0.0149302935876561,99.9500825733295
"345","task03","11dof","Inferior Infraspinatus",30.8775714928241,22.8397846669843,26.0887731302008,0.00583645383712139,99.7411504872282
"346","task03","11dof","Inferior Latissimus Dorsi",32.5693059145368,18.872413302238,31.5975609027935,0.0123110999323939,92.227821775491
"347","task03","11dof","Inferior Pectoralis Major",1.80868961408101,1.47829855409445,1.44582917989765,0.00105397265918912,9.71430933778549
"348","task03","11dof","Inferior Rhombiod",3.46064664427894,3.28697335328501,2.47672906826982,0.00168757931911442,31.3035075464212
"349","task03","11dof","Inferior Serratus Anterior",0.695457898651911,0.650400138118377,0.502375156629563,8.11360993102465e-05,5.24914994132115
"350","task03","11dof","Inferior Subscapularis",66.6409160000885,24.9290525018932,71.9876759375246,0.147647172810828,99.9905958819911
"351","task03","11dof","Inferior Trapezius, Scapula",1.31256632315271,1.24326190857467,0.94244806795831,0.000140715961343719,11.3380293526616
"352","task03","11dof","Levator Scapula",65.2814747637429,13.4892409872458,65.906177057255,15.1674968290677,99.9505719504954
"353","task03","11dof","Middle Deltoid",38.5746059180632,20.5048422325821,37.3727473737258,0.0250326623939423,99.0201867372201
"354","task03","11dof","Middle Latissimus Dorsi",16.4567512930853,12.2877823930316,13.9791950742619,0.0040481101986789,65.1708381927304
"355","task03","11dof","Middle Pectoralis Major",3.18565394876935,2.69595422098188,2.47388463997865,0.000384643136436963,17.5283108951452
"356","task03","11dof","Middle Serratus Anterior",2.2797863120631,2.15159744396387,1.63921202558622,0.000180091798478166,16.9728985519179
"357","task03","11dof","Middle Subscapularis",62.6565768963225,25.71527764695,66.9373176960195,0.00267143698685635,99.991470644902
"358","task03","11dof","Middle Trapezius, Scapula",1.19672420106163,1.13380053954552,0.859719267191974,0.000183051579469122,8.96714023955406
"359","task03","11dof","Pectoralis Minor",15.8892196504437,12.1762873818997,13.1665773759115,0.00508255035542304,75.8355046932568
"360","task03","11dof","Posterior Deltoid",57.4966867930501,25.1706629366702,59.3476020225016,0.0378621389754419,99.9868238597896
"361","task03","11dof","Posterior Supraspinatus",48.0397893391305,28.6535922154186,47.3050752597264,0.00619858123119821,99.9939861986146
"362","task03","11dof","Pronator Quadratus",54.7519722343183,27.98135620317,56.7198026995429,0.0852467640092947,99.9911303496139
"363","task03","11dof","Pronator Teres, Humeral",55.7220623336917,27.517824786937,57.8566483642725,0.0236865141472808,99.9995252267451
"364","task03","11dof","Pronator Teres, Ulnar",51.2105433107563,28.7494212937692,51.7907016347457,0.010861346536406,99.9964565128471
"365","task03","11dof","Superior Infraspinatus",34.8874738055917,25.1981434220126,29.952386510432,0.00180231807684894,99.9902824267299
"366","task03","11dof","Superior Latissimus Dorsi",18.3601942523293,15.1988851128097,14.219012239878,0.0021604549852533,94.3821515814567
"367","task03","11dof","Superior Pectoralis Major",3.5306120201514,3.07667984277377,2.70685639736797,0.000918437565219227,22.6954455502469
"368","task03","11dof","Superior Rhombiod",2.29118303486946,2.18473860505002,1.62952939435104,3.93445040772905e-05,20.7724158379655
"369","task03","11dof","Superior Serratus Anterior",8.53806552933523,6.90541531111825,6.92352639214399,0.000734391182184713,47.4352053099555
"370","task03","11dof","Superior Subscapularis",52.9250573997684,28.59002988211,54.3387405323262,0.0280244491849713,99.9879270239583
"371","task03","11dof","Superior Trapezius, Scapula",1.19901039154382,1.10746740702217,0.876462488277934,9.22782879241024e-06,8.00338290783308
"372","task03","11dof","Supinator",31.8921395968916,19.2727751819288,29.6683860481561,0.0493169970182228,98.7251425468119
"373","task03","11dof","Teres Major",69.822576872425,22.1435803679197,74.2772299127462,0.0299025567523148,99.9917210992565
"374","task03","11dof","Teres Minor",34.0742563868572,24.6903785288566,29.2205377405297,0.00875476477241177,99.9564789830769
"375","task03","11dof","Trapezius, Clavicle",29.5272949623156,21.0566607325317,25.7851978168522,0.00110690046695727,99.8377905696555
"376","task03","11dof","Triceps Lateral Head",45.8575655835806,27.8868137973216,44.3117286319874,0.00155207265360446,99.992878187997
"377","task03","11dof","Triceps Long Head",45.1527919291081,24.5764684894455,44.0489720921545,0.0372998939005553,99.8942953532577
"378","task03","11dof","Triceps Medial Head",45.2261135678361,27.301225638867,43.281180523409,0.00289231098636877,99.983787916133
"379","task03","3dof","Anconeus",49.6603576143253,28.5712856377784,49.6062594431793,0.00433811624140912,99.9949556701045
"380","task03","3dof","Anterior Deltoid",24.2440923671084,20.3985817236343,18.8841027371522,0.000578047529048442,99.7010631878044
"381","task03","3dof","Anterior Supraspinatus",48.7294260465008,28.5557108414644,48.0988257653284,0.00328757469334473,99.9517013413127
"382","task03","3dof","Biceps Long Head",41.8090327361254,28.0194403787553,38.4452013172397,0.00458410765415973,99.985923852564
"383","task03","3dof","Biceps Short Head",22.6589995222918,19.0070800219536,17.5877285617294,0.0104537305790631,99.1668683308084
"384","task03","3dof","Brachialis",49.733241253385,28.8960128688029,49.6842749604441,0.00192757493571727,99.9885598890541
"385","task03","3dof","Brachioradialis",49.7931541063563,28.9519556513791,49.9911537762108,0.00103288136947821,99.9859263300712
"386","task03","3dof","Coracobrachialis",25.4021204542205,21.2140184989808,19.7636700638349,3.63989485774319e-05,99.9180961943316
"387","task03","3dof","Inferior Infraspinatus",40.2460973962131,26.5045576286113,37.0700203441949,0.00113021300931493,99.9200388784895
"388","task03","3dof","Inferior Latissimus Dorsi",53.0157227588038,28.3801791129221,54.293799893084,0.00267928067927414,99.9923791475991
"389","task03","3dof","Inferior Pectoralis Major",14.8736700417784,12.4040835928711,11.9153178411873,0.00268987821410993,86.7879020276816
"390","task03","3dof","Inferior Rhombiod",50.1718266255981,28.8420732599525,50.2175411062245,0.00386511184752303,99.9732854621413
"391","task03","3dof","Inferior Serratus Anterior",50.0658588676546,28.7363417298364,50.130574364774,0.0170567164493207,99.9730954735812
"392","task03","3dof","Inferior Subscapularis",60.0817944141927,26.6155237480623,63.9508089452264,0.000435258177722275,99.9867125357948
"393","task03","3dof","Inferior Trapezius, Scapula",49.5315508341119,28.9222159364455,49.6301234132535,0.00675887668465935,99.9789401528063
"394","task03","3dof","Levator Scapula",50.1500920950252,28.7744769661665,50.2549927494327,0.0050743200421588,99.9947101041852
"395","task03","3dof","Middle Deltoid",72.7434774921164,18.7165640723893,75.7401885100979,0.852734375394415,99.9861786391972
"396","task03","3dof","Middle Latissimus Dorsi",53.9145842486976,28.4396440082134,55.6734680846943,0.0387644527322317,99.9863596454147
"397","task03","3dof","Middle Pectoralis Major",28.655434262681,22.7751617198402,23.239247539727,0.000133271671437507,99.9681527291898
"398","task03","3dof","Middle Serratus Anterior",49.9811556233467,28.7553760888103,49.7303337981015,0.00849739997748067,99.9564544225616
"399","task03","3dof","Middle Subscapularis",51.6518175194643,27.94121817972,51.8803516710176,0.0182459730580509,99.9928868989243
"400","task03","3dof","Middle Trapezius, Scapula",49.7177237118892,28.9158596306603,50.0816519154357,0.0216530278242477,99.9890397161839
"401","task03","3dof","Pectoralis Minor",50.0754520377325,28.8411753417215,49.7329162964964,0.0350470586125862,99.9971883038485
"402","task03","3dof","Posterior Deltoid",75.8303716536831,20.1957470304195,80.8918032325453,0.120453554807343,99.9966905500736
"403","task03","3dof","Posterior Supraspinatus",51.2716137551962,28.6344754757742,51.5867714337619,0.00170913848426268,99.9798700376457
"404","task03","3dof","Pronator Quadratus",50.365861725369,29.0754364937234,50.1615872362002,0.00732535868825379,99.9976049096163
"405","task03","3dof","Pronator Teres, Humeral",50.4278577856393,28.9963993238349,50.4958490677524,0.00933078708343915,99.985286330257
"406","task03","3dof","Pronator Teres, Ulnar",50.4434090805146,28.7710387256058,50.2023384583263,0.0102591349101344,99.9928968600346
"407","task03","3dof","Superior Infraspinatus",44.6172033942763,27.4297075734344,42.553043233606,0.00171469849936656,99.9540464022265
"408","task03","3dof","Superior Latissimus Dorsi",51.240050909527,28.8328859346652,51.952624556745,0.0147174105745496,99.9981695200429
"409","task03","3dof","Superior Pectoralis Major",30.6937775537219,24.0643666085731,24.9970121878548,0.00547848965866127,99.9853443089401
"410","task03","3dof","Superior Rhombiod",49.6627715639348,28.9370880992881,49.7261559593284,0.00860606149004628,99.9916712103095
"411","task03","3dof","Superior Serratus Anterior",50.3168424100867,28.9661906447042,50.5890943634541,0.00269579021407451,99.9734471665919
"412","task03","3dof","Superior Subscapularis",45.2172824032367,28.4072096630867,43.3701912285775,0.0189549231530028,99.997811714556
"413","task03","3dof","Superior Trapezius, Scapula",50.1084401764967,28.9622715535287,49.8842494259425,0.00244174737237812,99.9984709403164
"414","task03","3dof","Supinator",50.1691053435956,28.9776638326371,50.1963841127921,0.00241335629727057,99.9704374647261
"415","task03","3dof","Teres Major",74.2442000201579,20.4410420294856,78.939191162757,0.286288308397786,99.9961331038587
"416","task03","3dof","Teres Minor",44.4652660261844,27.3206581189108,42.3254142592696,0.0162297918967935,99.969772644156
"417","task03","3dof","Trapezius, Clavicle",49.8445875634944,28.8016002016579,50.0453534957665,0.00206455231408498,99.9876512512699
"418","task03","3dof","Triceps Lateral Head",50.1453780036967,28.5174530443281,50.2083581571012,0.00193713798217754,99.9973166754976
"419","task03","3dof","Triceps Long Head",59.8487597350657,25.2192855435951,63.0015101270898,0.0343301462449208,99.9996066115518
"420","task03","3dof","Triceps Medial Head",49.8037608931553,28.7393704639741,49.9644670885518,0.0547009613461824,99.9612059841237
"421","task03","5dof","Anconeus",48.6414104200948,28.6284110070482,48.3756616850062,0.0197592417936543,99.9947564937706
"422","task03","5dof","Anterior Deltoid",22.4479384033053,19.0771616777693,17.3365437072267,0.000469887729287466,98.8855225813671
"423","task03","5dof","Anterior Supraspinatus",46.2123177372582,28.5584057158071,44.4386514371899,0.00160527999423232,99.9992503138765
"424","task03","5dof","Biceps Long Head",44.8878310149813,28.119504391477,42.7761648099116,0.00919091440858555,99.9915335003927
"425","task03","5dof","Biceps Short Head",25.0917358166696,20.22465986761,19.910657865061,0.00741080298131136,99.9809611265999
"426","task03","5dof","Brachialis",58.1108997382207,27.3293173361463,60.7940075601564,0.0316371015609662,99.9786133949501
"427","task03","5dof","Brachioradialis",52.6490612429801,28.6562102784683,54.327609182784,0.0518016406768185,99.9805941312838
"428","task03","5dof","Coracobrachialis",24.8828694189862,20.9238700209828,19.3089171704087,3.66062278878143e-05,99.9687644144831
"429","task03","5dof","Inferior Infraspinatus",39.6181374647955,26.0662165156041,36.022141184864,0.00177106154224949,99.9153054038331
"430","task03","5dof","Inferior Latissimus Dorsi",54.1582442070444,28.5459025441944,56.3563803701541,0.00825399102788449,99.994793103178
"431","task03","5dof","Inferior Pectoralis Major",14.8247853607489,12.5008602283892,11.4286833909705,0.00450824065146571,86.2924410740463
"432","task03","5dof","Inferior Rhombiod",50.0922880179721,28.8458613474596,50.3828571141564,0.00239341222835754,99.9489926419581
"433","task03","5dof","Inferior Serratus Anterior",49.5952327874491,28.9168843727337,49.1928663327955,0.000817249913875884,99.9958562634914
"434","task03","5dof","Inferior Subscapularis",58.5129962090474,27.1022245011161,61.7025604027426,0.0178797766646754,99.9993385356658
"435","task03","5dof","Inferior Trapezius, Scapula",49.8457535529899,28.7144304705903,49.8601931343589,0.001317741725676,99.9905106089297
"436","task03","5dof","Levator Scapula",49.6781077807366,28.9815031872769,49.529047919879,0.00326227203719109,99.9988705907109
"437","task03","5dof","Middle Deltoid",68.2569900341014,19.6090498903432,70.6425376364689,0.209796089968073,99.9749218040053
"438","task03","5dof","Middle Latissimus Dorsi",54.0976658131706,28.7592489848567,55.9663433891729,0.00647379501460543,99.9908289099668
"439","task03","5dof","Middle Pectoralis Major",27.5561499349396,22.4142346605004,21.9212270084188,0.00133171229818596,99.9791379180082
"440","task03","5dof","Middle Serratus Anterior",50.0019625477364,28.7257982244793,50.1864096448832,0.00231820143513084,99.9989680405111
"441","task03","5dof","Middle Subscapularis",48.8661655428223,27.7996958516165,48.5753959764967,0.00293890539340147,99.9985936779906
"442","task03","5dof","Middle Trapezius, Scapula",50.0812707221259,28.811612012316,49.7675179647913,0.0132917852313341,99.9928198651377
"443","task03","5dof","Pectoralis Minor",50.2825929738371,28.8363448352979,50.4264367283227,0.0214111823362673,99.9916068957583
"444","task03","5dof","Posterior Deltoid",78.7524071258034,18.0346015864807,83.4817476557507,1.13371013081419,99.9981977270952
"445","task03","5dof","Posterior Supraspinatus",50.7865276892217,29.0640841757915,50.9964326687995,0.00550599667664686,99.9924645622621
"446","task03","5dof","Pronator Quadratus",53.2187694980384,27.6821559812149,54.3150142047719,0.00454570099069906,99.9966471213251
"447","task03","5dof","Pronator Teres, Humeral",55.0785926718448,27.624393521758,56.9675257298691,0.000374202768005372,99.9784832223434
"448","task03","5dof","Pronator Teres, Ulnar",50.902861115138,28.9142671023305,51.666331576199,0.00379594054639165,99.9898634966294
"449","task03","5dof","Superior Infraspinatus",43.9642037072161,27.5443391130209,41.8232950597522,0.00580605302329396,99.995256473801
"450","task03","5dof","Superior Latissimus Dorsi",51.6258789316502,28.9769390044483,52.4059936691427,0.000987866908908064,99.9932072846968
"451","task03","5dof","Superior Pectoralis Major",29.5531687090083,23.5504434205368,23.7498179528332,0.00356043160859021,99.9898534621974
"452","task03","5dof","Superior Rhombiod",50.2081775049914,29.0713342032046,50.09657683196,0.0291278580548116,99.9974371425137
"453","task03","5dof","Superior Serratus Anterior",49.7776503480494,29.0892094613503,49.6419178109551,0.014313535526328,99.9949630191417
"454","task03","5dof","Superior Subscapularis",44.5361524855204,28.5047939062488,42.0359378589003,0.00704572644237844,99.9967110796942
"455","task03","5dof","Superior Trapezius, Scapula",49.9243675369299,28.8548149314604,49.8818530572189,0.0155727106831705,99.9993313342919
"456","task03","5dof","Supinator",36.0232104257377,19.9679826040478,34.7351628026725,0.0414055572011518,98.4376498303978
"457","task03","5dof","Teres Major",77.5984350705516,18.4785533456488,82.3339642616697,0.364172246943162,99.9996168316542
"458","task03","5dof","Teres Minor",45.5158582235141,27.3563495979405,43.6543199693319,0.0101894254269763,99.9987450435317
"459","task03","5dof","Trapezius, Clavicle",49.9348026242232,28.7834523308977,49.5478115449509,0.024145298310585,99.9997009630844
"460","task03","5dof","Triceps Lateral Head",39.7081870359581,26.5269221754577,35.9455256554555,0.0140215952613099,99.9972096611808
"461","task03","5dof","Triceps Long Head",47.6113328176416,23.4274270915565,47.778013669886,0.00491312403073652,99.9236106934131
"462","task03","5dof","Triceps Medial Head",36.3817704961971,24.8915488893343,32.0378644299304,0.00687314976638986,99.8300651921553
"463","task03","8dof","Anconeus",49.2985943638586,28.9072227802181,48.6666639564822,0.0132276952517441,99.998344720675
"464","task03","8dof","Anterior Deltoid",5.33319696806106,4.6700246327659,4.07064710139964,0.000613640688119227,32.3108945119456
"465","task03","8dof","Anterior Supraspinatus",50.553820964527,28.6736186045622,51.3151192320587,0.00230569876551456,99.9658207626534
"466","task03","8dof","Biceps Long Head",49.3899294035847,28.4998233091628,49.0249500303177,0.0296289629017399,99.9835638471125
"467","task03","8dof","Biceps Short Head",39.5429016161291,25.7231609077696,36.4738499372596,0.010843812975625,99.9910809599481
"468","task03","8dof","Brachialis",52.8460339948041,28.1828304215965,53.707605408038,0.0261498720740772,99.9988539426235
"469","task03","8dof","Brachioradialis",51.161759828061,28.9051170036352,51.6394629753511,0.00367332909066986,99.990346939949
"470","task03","8dof","Coracobrachialis",40.4798545210342,26.5961431684747,37.416474851862,0.0127954814603704,99.9816824615628
"471","task03","8dof","Inferior Infraspinatus",35.6427315162368,25.1467763166502,31.0212209674393,0.0146861771123274,99.9809896937744
"472","task03","8dof","Inferior Latissimus Dorsi",53.3420681543285,27.2475416287013,54.4031716928672,0.0114551846030264,99.9885157465952
"473","task03","8dof","Inferior Pectoralis Major",2.33202912339413,2.07626432854361,1.74742595617036,0.000965069245260561,17.1637944448301
"474","task03","8dof","Inferior Rhombiod",5.96274184932537,5.55244614314305,4.37510625991568,0.000129353312268432,43.7671327818064
"475","task03","8dof","Inferior Serratus Anterior",2.60564508846006,2.35622300375605,1.94169753632411,0.000492035422863107,18.390111448969
"476","task03","8dof","Inferior Subscapularis",61.6398351497607,26.0892897971788,65.7320138988235,0.0473315678431452,99.9908945216614
"477","task03","8dof","Inferior Trapezius, Scapula",10.3321312375363,9.28197741266424,7.63691150258816,0.00197695171436363,66.2448364761625
"478","task03","8dof","Levator Scapula",9.57584601770476,8.6943474055913,7.09602417850753,0.000484354212987315,71.8513699785084
"479","task03","8dof","Middle Deltoid",47.8860117613139,21.986395070535,47.3364757235975,0.0267922454074809,99.8670542929328
"480","task03","8dof","Middle Latissimus Dorsi",61.9771258568377,24.1739034139753,64.9978708782734,0.110901142986564,99.9714753385098
"481","task03","8dof","Middle Pectoralis Major",4.5163131499374,3.92109541464912,3.40282670440814,0.000385876849469391,26.159098377683
"482","task03","8dof","Middle Serratus Anterior",5.17398258190436,4.8160358869848,3.72896389498796,9.67367612764169e-05,37.0545844276806
"483","task03","8dof","Middle Subscapularis",58.256307909313,26.8766292939375,61.9368879461431,0.0670988425516605,99.9826642924048
"484","task03","8dof","Middle Trapezius, Scapula",6.82356072078532,6.21848250498804,5.0654375151793,0.00140260044211166,45.7363936981913
"485","task03","8dof","Pectoralis Minor",65.838503585493,25.8921446872969,71.5472865377152,0.0115723782380339,99.9975554167433
"486","task03","8dof","Posterior Deltoid",57.8708533211792,25.465524351147,60.0341309491602,0.0981654882102445,99.9289576877928
"487","task03","8dof","Posterior Supraspinatus",48.0488458163931,28.6763167764504,47.6235526931914,0.00790481063787096,99.9918680919476
"488","task03","8dof","Pronator Quadratus",54.6823316453319,27.9252216578195,56.5388135208929,0.0103738224280669,99.9943578982518
"489","task03","8dof","Pronator Teres, Humeral",55.334491326538,27.6754833782797,57.4951923722341,0.00971796800477431,99.9972059464544
"490","task03","8dof","Pronator Teres, Ulnar",51.2693767845298,28.990976547245,51.1732700381788,8.62818712699109e-05,99.9958535153741
"491","task03","8dof","Superior Infraspinatus",39.8092391236015,26.8391435293946,36.066845505612,0.0121240455457139,99.9941864831044
"492","task03","8dof","Superior Latissimus Dorsi",47.1608268317943,27.7227550004384,46.2794056730053,0.0022759770691716,99.9747415297615
"493","task03","8dof","Superior Pectoralis Major",5.69475109258028,4.94683095783017,4.35703518763887,0.000192735558739859,34.5580705581577
"494","task03","8dof","Superior Rhombiod",3.68289371646578,3.44649493379842,2.69270780430998,0.00169818037433489,27.0999112966652
"495","task03","8dof","Superior Serratus Anterior",11.7062976015729,10.0985979994922,8.93923762621728,0.000914358314740848,71.8862007548115
"496","task03","8dof","Superior Subscapularis",51.7845091765406,28.7447915012581,52.5042081641094,0.032811573772551,99.9990463393473
"497","task03","8dof","Superior Trapezius, Scapula",4.29866583421848,3.68888066721222,3.32332412503524,6.96289455925925e-05,25.6707730570036
"498","task03","8dof","Supinator",31.8650881651547,19.0534006912314,30.193798233872,0.0360439531882306,96.5764021216102
"499","task03","8dof","Teres Major",65.487466105657,23.9743254646447,69.3583567915873,0.0117645986359882,99.988748898284
"500","task03","8dof","Teres Minor",38.7505260331268,26.187701529087,34.698218377741,0.00848705507380254,99.9956384530109
"501","task03","8dof","Trapezius, Clavicle",49.8133544272682,28.9680028844774,49.7325603348374,0.00199252128257887,99.9786325778932
"502","task03","8dof","Triceps Lateral Head",47.0564330568056,27.8751489994713,45.8269402310284,0.00476983363885131,99.993042161952
"503","task03","8dof","Triceps Long Head",44.5626036959646,24.6860466279007,43.4723754472705,0.00141607190443649,99.9026361045091
"504","task03","8dof","Triceps Medial Head",44.7220997453553,27.0128018755783,42.731892724217,0.000392719755809567,99.9800617029116
"505","task04","3dof","Anconeus",49.5092644626399,28.809125364683,49.4860719234455,0.0158474119474505,99.998193118962
"506","task04","3dof","Anterior Deltoid",17.5945522301098,15.6906807004305,13.173188175714,0.00364831034265489,99.7519792964179
"507","task04","3dof","Anterior Supraspinatus",45.4962833766345,28.5052175564785,43.175739313624,0.000793609627280922,99.9992129319285
"508","task04","3dof","Biceps Long Head",37.991567137654,26.83780272934,33.0245661182517,0.00227463488016166,99.9887375087019
"509","task04","3dof","Biceps Short Head",17.0753863988796,15.2844170322178,12.6603976393133,0.00412264524169148,97.2775506879953
"510","task04","3dof","Brachialis",50.4807383336662,29.0667746353657,50.7197864245611,0.0224045195440892,99.9819922227624
"511","task04","3dof","Brachioradialis",49.4840541021671,28.5962672584511,49.0942946873462,0.000364919678447206,99.9753695711161
"512","task04","3dof","Coracobrachialis",19.6311840204673,17.4643440569865,14.7098458476196,0.00201018341068337,99.8289183437717
"513","task04","3dof","Inferior Infraspinatus",23.9408408462493,19.5520799742904,19.0187220674419,0.00135523462117537,99.5526061367468
"514","task04","3dof","Inferior Latissimus Dorsi",59.7891454955876,27.7201676738256,64.2943647385831,0.00155651748839913,99.9950421078234
"515","task04","3dof","Inferior Pectoralis Major",15.0666284859964,12.8687110690139,11.655683144679,0.00228231527073797,84.5686350214488
"516","task04","3dof","Inferior Rhombiod",50.2443264149413,29.033947985334,50.6197236239062,0.0145557620645775,99.9737708710698
"517","task04","3dof","Inferior Serratus Anterior",50.1294177706808,29.0119733909913,49.7773433743803,0.00731522794774619,99.9674794308832
"518","task04","3dof","Inferior Subscapularis",71.9461735052739,22.0193026630794,77.2499948988872,0.014372999437462,99.9974209322704
"519","task04","3dof","Inferior Trapezius, Scapula",50.3112214781932,28.8877527525314,50.2811668095611,0.0109063234736251,99.9739748849032
"520","task04","3dof","Levator Scapula",50.3903730885086,29.1993351387013,50.7816848036955,0.00176104315869341,99.9800668240943
"521","task04","3dof","Middle Deltoid",50.7989690594999,20.612230630301,51.4473385930532,0.0741704650158437,99.991863557736
"522","task04","3dof","Middle Latissimus Dorsi",62.1376145907013,27.0940393723234,66.9133188127215,0.00213475614643244,99.9947672546905
"523","task04","3dof","Middle Pectoralis Major",27.0568859649599,22.241567528528,21.3740207168973,0.00101391199879286,99.8295073983246
"524","task04","3dof","Middle Serratus Anterior",49.987575588587,28.9820914113577,49.8169980126667,0.029306430944992,99.9974161629097
"525","task04","3dof","Middle Subscapularis",57.692801683774,26.9367928251143,60.6033662051979,0.0116938216709217,99.9961202751533
"526","task04","3dof","Middle Trapezius, Scapula",50.0433752960373,28.7451377655813,50.1459511452908,0.0154811531653698,99.9753387730224
"527","task04","3dof","Pectoralis Minor",50.1800836600025,28.9248347839981,50.5077226344913,0.0372281625357185,99.9996599369407
"528","task04","3dof","Posterior Deltoid",83.2237909173404,14.9548578804282,87.331133420512,0.780022267169511,99.9964384519877
"529","task04","3dof","Posterior Supraspinatus",48.3157869414741,28.654073881483,47.3486998577535,0.020889470487484,99.9855411501163
"530","task04","3dof","Pronator Quadratus",50.0740558117796,29.0043983354519,50.0472327240492,0.0414227409560486,99.9965311389164
"531","task04","3dof","Pronator Teres, Humeral",49.8476259655278,28.7550939943096,50.0193162073287,0.0111822733408706,99.9816986185607
"532","task04","3dof","Pronator Teres, Ulnar",50.0525440696571,28.8076720986755,50.0961083956414,0.0041702887337014,99.9981045312023
"533","task04","3dof","Superior Infraspinatus",28.8284248729922,22.7612353949355,23.4035314097146,0.00132001441516261,99.8681591950722
"534","task04","3dof","Superior Latissimus Dorsi",55.2756475846886,28.5440457954941,57.6722907724069,0.0200642015161567,99.9991044966017
"535","task04","3dof","Superior Pectoralis Major",26.4501757100767,21.8575661748822,20.7112176709899,0.00308056124639078,99.8410867147287
"536","task04","3dof","Superior Rhombiod",49.8662796316336,28.7909898581702,49.9003989066348,0.00739740171186165,99.8872683664524
"537","task04","3dof","Superior Serratus Anterior",50.021845767897,28.9895335475124,49.8027681709285,0.0325563366954051,99.9789128276459
"538","task04","3dof","Superior Subscapularis",46.979716695707,28.5580720835411,45.3451540725991,0.0114210751592791,99.967526145632
"539","task04","3dof","Superior Trapezius, Scapula",50.2058833611879,28.8499197217269,50.0504640911791,0.00592777440479031,99.9929708759999
"540","task04","3dof","Supinator",49.8179509891399,28.9427238139242,50.0470361775454,0.00168166007327719,99.9960580290585
"541","task04","3dof","Teres Major",85.9102780539114,12.8024888517288,89.5932719773173,1.90563911405318,99.9966717548911
"542","task04","3dof","Teres Minor",32.4686890693665,23.8103418391874,27.6418694104091,0.00496638509789316,99.9582306637067
"543","task04","3dof","Trapezius, Clavicle",50.4635299598553,28.6005519702374,50.6676883775376,0.0204731300384009,99.9960755897052
"544","task04","3dof","Triceps Lateral Head",49.8251956242274,28.6775250530919,49.8357505960572,0.00504635598939651,99.9777404761282
"545","task04","3dof","Triceps Long Head",73.20968737281,21.5518193742199,78.6122680699546,0.120338206764026,99.999849064451
"546","task04","3dof","Triceps Medial Head",50.4853483411137,29.042958633639,50.6889180124008,0.00587054265819842,99.9931268362816
"547","task04","5dof","Anconeus",48.6109017488381,28.9500436342786,47.4865033004192,0.0210393546155319,99.9668186547306
"548","task04","5dof","Anterior Deltoid",17.0547979330164,15.1095264826053,12.8119482138615,0.00496329616785085,96.3603945036213
"549","task04","5dof","Anterior Supraspinatus",44.8358707669781,28.280627538824,42.5835761559301,0.00400583563515133,99.9662024890045
"550","task04","5dof","Biceps Long Head",39.7691865538648,27.4605541153615,35.7886362139837,3.95619675352954e-05,99.9970570718111
"551","task04","5dof","Biceps Short Head",17.3054140687375,15.2078749184335,13.0534325540848,0.0043349695879269,97.117632217094
"552","task04","5dof","Brachialis",55.4191966549847,27.7630547700327,57.8630749515948,0.0359708953325932,99.9784714890173
"553","task04","5dof","Brachioradialis",52.3134057688188,28.9275226671842,52.9052269745508,0.0354640258398708,99.9833420726111
"554","task04","5dof","Coracobrachialis",19.2902511598911,17.2080762777186,14.3046914157113,6.66842477403673e-05,98.5605523044264
"555","task04","5dof","Inferior Infraspinatus",23.8417089899137,19.6789450712519,19.0354646774003,0.010726182959947,99.8411303630735
"556","task04","5dof","Inferior Latissimus Dorsi",59.7805727282513,27.6311102457174,64.2027749736683,0.0107699002394601,99.9997555428848
"557","task04","5dof","Inferior Pectoralis Major",14.6857787081423,12.2941619562194,11.6101690188307,0.000141343953027895,78.2755545452448
"558","task04","5dof","Inferior Rhombiod",50.1334171672094,28.5733703346419,49.9355449313065,0.00326016244673322,99.9876322149492
"559","task04","5dof","Inferior Serratus Anterior",49.8617003906002,28.7201634156535,49.5583211952312,0.00133000467266164,99.9936245864708
"560","task04","5dof","Inferior Subscapularis",72.0391084587969,22.2981394497249,77.2292194890372,0.135480393937004,99.9953852572909
"561","task04","5dof","Inferior Trapezius, Scapula",50.1018908519771,28.8025130424685,50.1976966494891,0.010378897191976,99.9904274446312
"562","task04","5dof","Levator Scapula",49.8653430564858,28.7855825418467,50.0726144557451,0.00218041074846465,99.9975045416081
"563","task04","5dof","Middle Deltoid",47.8671662220549,19.9839329015027,48.0853265933651,0.0227916575555875,99.9553149320127
"564","task04","5dof","Middle Latissimus Dorsi",61.9415906975283,27.1660949009641,67.1016919636757,0.0188357575977793,99.9953866890917
"565","task04","5dof","Middle Pectoralis Major",25.7858096221336,21.1605149369781,20.6176760752113,0.000326955888846348,99.4791196070668
"566","task04","5dof","Middle Serratus Anterior",50.0511019910904,28.9180800298483,50.2320075272341,0.00501312150777977,99.9965251086012
"567","task04","5dof","Middle Subscapularis",57.389714404047,27.212300547704,60.0670019496624,0.0376841513250348,99.9854585585092
"568","task04","5dof","Middle Trapezius, Scapula",49.9589847884384,28.9280298559387,49.6068016691115,0.0295603541458633,99.9987330473165
"569","task04","5dof","Pectoralis Minor",50.0522337461896,29.049220006965,50.0247112982517,0.00831833832969919,99.999300542503
"570","task04","5dof","Posterior Deltoid",83.5392280087202,14.4190554527168,87.469201689436,0.912407436274021,99.992054088456
"571","task04","5dof","Posterior Supraspinatus",48.1102219188173,28.8439309145723,47.1698961231973,0.0103273233875045,99.9955188366592
"572","task04","5dof","Pronator Quadratus",56.3942037426745,27.3501601893462,58.9977497993804,0.00287402049765628,99.9937121607731
"573","task04","5dof","Pronator Teres, Humeral",57.1549414927156,27.2531995316244,59.8755798420284,0.000632973393666081,99.9958063819575
"574","task04","5dof","Pronator Teres, Ulnar",51.8769858006799,28.8278335083208,52.4855472141661,0.0272770135220535,99.9988774915588
"575","task04","5dof","Superior Infraspinatus",29.2536648946672,22.7598299934474,23.9252049051832,0.000833386741366793,99.9949158164024
"576","task04","5dof","Superior Latissimus Dorsi",55.5541532666874,28.7942538901971,58.528911831548,0.00047779949593485,99.9903844262134
"577","task04","5dof","Superior Pectoralis Major",25.7342690546496,21.5855904079478,20.0325060037285,7.30299501289222e-05,99.7982892893601
"578","task04","5dof","Superior Rhombiod",50.2741127941749,29.1428191780955,50.4232500487235,0.010580726147813,99.9682059402705
"579","task04","5dof","Superior Serratus Anterior",49.5204002107397,29.0542095750133,49.4849039707466,0.0157584536559008,99.9923457546907
"580","task04","5dof","Superior Subscapularis",46.7725338283071,28.5861740543128,45.0798501003174,0.049712944067426,99.9969287382566
"581","task04","5dof","Superior Trapezius, Scapula",49.7672154862322,28.7946553722504,49.6102978661637,0.0127649158356336,99.986618943335
"582","task04","5dof","Supinator",28.9274573060771,17.84842746884,27.1273144070656,0.0241917659508151,91.4564253991096
"583","task04","5dof","Teres Major",86.1876411421465,12.4893760997538,89.7088151667218,12.6272520116564,99.9951805745109
"584","task04","5dof","Teres Minor",32.3993435283156,23.8127501949206,27.7099030821607,0.00727222259734317,99.9712170108195
"585","task04","5dof","Trapezius, Clavicle",50.0405131622064,28.7640329242284,50.4076467537411,0.00971643691458079,99.9960657276159
"586","task04","5dof","Triceps Lateral Head",42.4456720004438,26.9130959530988,39.7690078490483,0.0185700079839535,99.9984929785819
"587","task04","5dof","Triceps Long Head",69.1953484190354,20.9081666361038,72.4851981559798,0.000685336239070189,99.9772104060155
"588","task04","5dof","Triceps Medial Head",39.0503705149507,25.1343037123279,35.9408079938955,0.0125922251563326,99.9805903425274
"589","task04","8dof","Anconeus",50.2187171095297,29.0674503791473,50.5293988361013,0.00454414938492187,99.9906116191525
"590","task04","8dof","Anterior Deltoid",1.31480752260766,1.23258827950349,0.949200764917953,8.11876710412468e-05,11.0295714498031
"591","task04","8dof","Anterior Supraspinatus",50.6695595222275,28.846784249729,51.3359411715402,0.014527880812365,99.9852658131289
"592","task04","8dof","Biceps Long Head",45.19520119153,28.0781734145053,43.2310534722117,0.00487019262043198,99.9863632004492
"593","task04","8dof","Biceps Short Head",31.4355104539222,22.9429492848745,26.8702018038629,0.00615785760527121,99.968784035239
"594","task04","8dof","Brachialis",48.5337080622071,28.0621113769837,47.6577186969008,0.00457380802384444,99.9771618686753
"595","task04","8dof","Brachioradialis",50.0834712451288,28.9098832526808,50.605294998754,2.45956331856867e-05,99.9917724354179
"596","task04","8dof","Coracobrachialis",38.4288004901574,26.0236225205592,34.5558547584938,0.00638105560185065,99.9955500379148
"597","task04","8dof","Inferior Infraspinatus",26.519330254641,21.2594034841041,21.2978797177873,0.0148131503513671,99.9655847315358
"598","task04","8dof","Inferior Latissimus Dorsi",96.4335056722911,3.38221149088099,97.4410810850169,71.6089898450881,99.9988193751983
"599","task04","8dof","Inferior Pectoralis Major",0.785612636347097,0.725420523870222,0.577491767377182,2.11918536920097e-05,5.61927771880419
"600","task04","8dof","Inferior Rhombiod",3.73590226470332,3.50490525300081,2.68448686851646,0.000581256460338575,26.8837788194239
"601","task04","8dof","Inferior Serratus Anterior",0.358241540803839,0.338440186473753,0.258596183044434,3.28501526816998e-05,2.3601121304513
"602","task04","8dof","Inferior Subscapularis",69.6897966119515,23.210848352428,75.0070426293063,0.0382343370620042,99.9982689017122
"603","task04","8dof","Inferior Trapezius, Scapula",1.81203901353134,1.70022213455276,1.30971283614276,0.000204599547291157,14.570289465116
"604","task04","8dof","Levator Scapula",27.1207080392121,16.8179664935133,25.4452958435633,0.000695060665845126,88.6878776249843
"605","task04","8dof","Middle Deltoid",33.8927090901097,18.7505595452044,33.1145777854163,0.0214505067265169,92.8589195271013
"606","task04","8dof","Middle Latissimus Dorsi",97.4612803368315,2.38527233967208,98.1865943196414,82.8003516733107,99.9996670588275
"607","task04","8dof","Middle Pectoralis Major",1.24564891537531,1.14731516929106,0.909222182283125,0.000484201300286584,8.92209946884578
"608","task04","8dof","Middle Serratus Anterior",0.873238792595257,0.826698339827346,0.626136063360467,0.000214115481336589,7.57484498595687
"609","task04","8dof","Middle Subscapularis",64.4589270203706,25.1983407921656,68.9771707256459,0.00402745826302287,99.9841771459643
"610","task04","8dof","Middle Trapezius, Scapula",2.72747269059461,2.60198754803533,1.95277211477039,0.000639239255735904,23.6880791160002
"611","task04","8dof","Pectoralis Minor",82.2253916552706,15.4757375686944,86.554121540762,1.90903939873724,99.99842765096
"612","task04","8dof","Posterior Deltoid",58.9014263534284,24.6872270162516,60.8264608233024,0.109024710300543,99.9793556863095
"613","task04","8dof","Posterior Supraspinatus",46.9572114069365,28.5515105778446,45.5657662925713,0.0154057014705944,99.9978491642402
"614","task04","8dof","Pronator Quadratus",58.7863907671872,26.9161784392917,62.1601323093175,0.00535406192375687,99.998308760862
"615","task04","8dof","Pronator Teres, Humeral",58.3440845368031,27.025642113945,61.4889326979573,0.00775095749997456,99.9853252999826
"616","task04","8dof","Pronator Teres, Ulnar",52.4494835187479,28.7718646951864,53.7025019047051,0.0207261830209804,99.9912579002921
"617","task04","8dof","Superior Infraspinatus",30.9502456935117,23.7976167807636,25.4170446415424,0.0110872313177135,99.8034469909033
"618","task04","8dof","Superior Latissimus Dorsi",95.3944662943237,4.36310748262107,96.6752037201604,62.1083800814834,99.9995729116961
"619","task04","8dof","Superior Pectoralis Major",1.35891669892753,1.27097939561481,0.995171556500692,6.52215830301839e-06,9.89921401151039
"620","task04","8dof","Superior Rhombiod",2.29457482705293,2.18304487702791,1.65808377515499,0.00127633023129653,18.560669653088
"621","task04","8dof","Superior Serratus Anterior",3.4101004694467,3.20250367219809,2.47579526546035,6.61211672546569e-05,25.2846310530175
"622","task04","8dof","Superior Subscapularis",53.9469379822471,28.5619532765083,56.1952209720287,7.51239679019911e-05,99.9981077471545
"623","task04","8dof","Superior Trapezius, Scapula",6.56340644736595,4.50617292453339,5.91307171964175,0.00087038784544885,27.3588043557006
"624","task04","8dof","Supinator",25.7293325300239,16.9388427176729,23.2957578728421,0.0139186209902664,88.758165694154
"625","task04","8dof","Teres Major",73.911524577269,20.1697225953173,78.4696687793107,0.157707869070844,99.9957124313374
"626","task04","8dof","Teres Minor",30.8413548486739,23.359516414258,25.9123470926885,0.0125591144920945,99.9953052490794
"627","task04","8dof","Trapezius, Clavicle",50.1215599100946,28.7985215364001,50.3368400812532,0.00639030478060687,99.9533392596822
"628","task04","8dof","Triceps Lateral Head",51.77198864921,27.6416321977086,52.4657750948697,0.0162856898289099,99.9616969060534
"629","task04","8dof","Triceps Long Head",60.6459553615735,23.1220388619791,62.5114302918195,0.0274188716180457,99.9815738945597
"630","task04","8dof","Triceps Medial Head",52.1893729205368,26.9438750854414,53.319580665485,0.0207161473876116,99.9937774709122
"631","task05","11dof","Anconeus",48.4063056600721,28.8035581721521,47.7927729476487,0.0388456360841505,99.990688737611
"632","task05","11dof","Anterior Deltoid",2.96007258954292,2.63909279300528,2.21469477731872,0.00075584957222527,19.6725421396278
"633","task05","11dof","Anterior Supraspinatus",51.7430300761348,28.9213155745049,53.0574626485415,0.0262294122442941,99.9966074150398
"634","task05","11dof","Biceps Long Head",56.1323201828215,27.9686670844789,58.7286622362527,0.0183015685983223,99.9902693222537
"635","task05","11dof","Biceps Short Head",58.3416431575391,25.7737297637625,60.6625990633902,0.0264431694570244,99.9747404216658
"636","task05","11dof","Brachialis",57.3915163742413,27.7813423393203,60.8694072060695,0.0153899337707042,99.9999943973361
"637","task05","11dof","Brachioradialis",52.4047288806771,28.7386105668067,53.5142446271309,0.0120448585320787,99.9936942254976
"638","task05","11dof","Coracobrachialis",47.9903850897851,28.0211427845593,47.1938526662929,0.0497339222429227,99.9995699375973
"639","task05","11dof","Inferior Infraspinatus",49.3520009210764,27.0196326106447,48.9280038038794,0.0161593394054194,99.9885957929209
"640","task05","11dof","Inferior Latissimus Dorsi",2.49760516020373,2.35957493194408,1.78771097168334,0.000486828843485401,17.5484752995061
"641","task05","11dof","Inferior Pectoralis Major",0.595296647682196,0.550636656387241,0.434839658077084,0.000140538615259634,3.92429467646801
"642","task05","11dof","Inferior Rhombiod",2.21293801413152,2.11356285377681,1.57989017494669,0.000825966719134735,15.3376156773708
"643","task05","11dof","Inferior Serratus Anterior",16.1077658609552,5.26525146240579,16.3688526371629,0.0595999737943276,34.8715938536595
"644","task05","11dof","Inferior Subscapularis",53.1532234850254,27.4546974928524,54.1733320345474,0.0180123819103595,99.9768626908988
"645","task05","11dof","Inferior Trapezius, Scapula",6.21731733994804,5.42332008874595,4.70194354883641,0.000149798242429777,34.1615575599312
"646","task05","11dof","Levator Scapula",3.91753121552836,3.75976699620265,2.81296434264413,0.00102888989095828,36.1038227914038
"647","task05","11dof","Middle Deltoid",63.4002604888464,19.5190773053164,64.2917590973406,0.563722996354377,99.9530470850463
"648","task05","11dof","Middle Latissimus Dorsi",2.11988705510168,2.03790777969214,1.51541364895845,0.000230899493359679,15.3690389374871
"649","task05","11dof","Middle Pectoralis Major",1.63361341472323,1.51192138666422,1.19601914739795,0.000296987458289766,10.6562386298368
"650","task05","11dof","Middle Serratus Anterior",40.3096805836761,14.2405172306046,39.8277896879247,0.323121332339027,86.1990975768564
"651","task05","11dof","Middle Subscapularis",53.4707119023624,27.6991487776917,54.3206272324452,0.0207981466825324,99.993755102877
"652","task05","11dof","Middle Trapezius, Scapula",3.79123646165282,3.26407735047366,2.9234994879744,0.000224065154855874,22.308762927517
"653","task05","11dof","Pectoralis Minor",7.55729433370479,6.72940960393095,5.70728986005198,0.00035894668611175,50.7069170383894
"654","task05","11dof","Posterior Deltoid",48.0444892082877,26.2367500598341,47.507935845102,0.0293743599967478,99.9961013645527
"655","task05","11dof","Posterior Supraspinatus",50.9770741849955,28.9227339129105,51.5666981330683,0.00295513209432885,99.9978081937886
"656","task05","11dof","Pronator Quadratus",51.5645356799363,28.144829191603,52.0740095911018,0.0100861544660602,99.9920512202822
"657","task05","11dof","Pronator Teres, Humeral",53.88802856782,28.359922717264,55.5706000742904,0.00285338405446867,99.9881269165658
"658","task05","11dof","Pronator Teres, Ulnar",51.1183254650071,28.9275545907335,52.0514478309495,0.00964986502764997,99.9838141930105
"659","task05","11dof","Superior Infraspinatus",50.1312894934605,27.8894572138123,49.8670765860577,0.00854482828280823,99.992667738694
"660","task05","11dof","Superior Latissimus Dorsi",3.68699593316428,3.45483558432292,2.69139418809468,0.000480519817459835,25.2600500554664
"661","task05","11dof","Superior Pectoralis Major",3.27089136512123,2.91291948962413,2.47357790115039,0.000300124569491828,22.5934470738091
"662","task05","11dof","Superior Rhombiod",1.43839510935537,1.3840538341441,1.02063634777738,1.79846243036907e-06,13.9920530717758
"663","task05","11dof","Superior Serratus Anterior",9.8177851530514,7.64365218386617,8.07606322296194,0.00477684432776265,45.8396776432082
"664","task05","11dof","Superior Subscapularis",50.2625892050573,28.6475893424995,50.5881140453238,0.012206782775015,99.9821626478405
"665","task05","11dof","Superior Trapezius, Scapula",3.04878500846227,2.47837996960487,2.45499878320558,0.00062259670029971,16.392963672719
"666","task05","11dof","Supinator",41.1942764918835,21.137864720103,40.79987514826,0.0489127612998963,99.651822278019
"667","task05","11dof","Teres Major",47.341153719415,25.9606054092389,47.1127972559775,0.0277755066048768,99.9815457082051
"668","task05","11dof","Teres Minor",47.749521161175,27.1364265202794,47.2801274498685,0.0158730859767697,99.9620702434485
"669","task05","11dof","Trapezius, Clavicle",91.813236825029,7.4414046229623,93.8928936757439,47.527571032952,99.9964752583302
"670","task05","11dof","Triceps Lateral Head",39.6413975768337,26.5003566013184,35.8932728539492,0.0249645835729284,99.9972014124143
"671","task05","11dof","Triceps Long Head",25.0347909384932,18.5955889981373,21.2052057471243,0.0089719910401409,99.8120406334785
"672","task05","11dof","Triceps Medial Head",36.7274261924134,25.0031777621673,33.0770265956456,0.00165198905925923,99.9317306624937
"673","task05","3dof","Anconeus",49.9773294807372,28.7291310798907,50.0387343484778,0.0232670115569267,99.9789974866248
"674","task05","3dof","Anterior Deltoid",30.1284417238188,23.3430591163271,24.7891408303944,0.00532911620133025,99.9144609586345
"675","task05","3dof","Anterior Supraspinatus",52.1008861564206,28.5636483589158,53.4157176701794,0.0351731426658231,99.9946602433555
"676","task05","3dof","Biceps Long Head",44.3991470891702,28.3799298321042,41.9354503130127,0.0113716185002555,99.9976385229993
"677","task05","3dof","Biceps Short Head",27.0462520090743,21.8139900563473,21.4926606992097,0.00799422904814717,99.9882986389659
"678","task05","3dof","Brachialis",50.1092021763224,28.7643843172062,49.9868842666842,0.0010220184489651,99.9875931341036
"679","task05","3dof","Brachioradialis",49.7034169194425,28.9871069952087,49.9209870354103,0.000601148388978956,99.9983379945586
"680","task05","3dof","Coracobrachialis",29.3611412891226,23.1764736754429,23.8671749171061,0.000148377255293486,99.9916224621725
"681","task05","3dof","Inferior Infraspinatus",61.6729923134582,26.411496214656,65.7332835651447,0.000860026556559479,99.9949266593823
"682","task05","3dof","Inferior Latissimus Dorsi",45.1855208081372,28.1361378656445,43.1016932416839,0.00877236296725203,99.9694750888654
"683","task05","3dof","Inferior Pectoralis Major",12.0114279319487,10.5157021673296,9.14454514732615,0.00135380474038105,73.7674123225908
"684","task05","3dof","Inferior Rhombiod",50.4132543610176,28.8966410953565,50.703459105544,0.00555869095697492,99.9946909916194
"685","task05","3dof","Inferior Serratus Anterior",50.549070972282,28.8621165671277,50.5316882927654,0.00991148017795429,99.9861882983001
"686","task05","3dof","Inferior Subscapularis",44.7718299092576,27.1880673307986,43.2776474635434,0.000357483664104041,99.9862617872487
"687","task05","3dof","Inferior Trapezius, Scapula",49.4485076516034,29.0353918746284,49.5056730251166,0.022527419793511,99.9868947132015
"688","task05","3dof","Levator Scapula",49.9619260935184,28.7151446248932,49.8950931154562,0.0117615920120884,99.9949719892489
"689","task05","3dof","Middle Deltoid",85.3591319915285,12.0667770850338,88.3416198524195,25.9098896802742,99.9930144536144
"690","task05","3dof","Middle Latissimus Dorsi",44.221996736607,28.3936191161996,41.3993009941307,0.0111390830910552,99.9410677191826
"691","task05","3dof","Middle Pectoralis Major",26.0183824295785,21.6055321997728,20.4665685663903,0.00330636399465956,99.8691362557732
"692","task05","3dof","Middle Serratus Anterior",50.2368305229993,28.607047174677,50.2818049482516,0.0183541702299117,99.9976898322774
"693","task05","3dof","Middle Subscapularis",44.5045006279381,27.8757466689137,42.1981178532201,0.0128158833231584,99.9968105856141
"694","task05","3dof","Middle Trapezius, Scapula",49.9966710108767,29.1429094706317,49.852508783118,0.00224531112946735,99.997666683731
"695","task05","3dof","Pectoralis Minor",50.4575593193213,28.7186625143484,50.3613973662329,0.00531923647149601,99.9931284414094
"696","task05","3dof","Posterior Deltoid",67.5473247661818,24.1074440109555,72.1548480749044,0.00982296508099667,99.9871891445111
"697","task05","3dof","Posterior Supraspinatus",55.5085195993399,28.5381735462398,58.0523587144238,0.00347910469820079,99.9709424926136
"698","task05","3dof","Pronator Quadratus",50.2396528688434,28.8769071289545,50.3318987489506,0.0284649572130757,99.9942491792401
"699","task05","3dof","Pronator Teres, Humeral",50.5092353398729,28.8529794717792,50.7951692926486,0.0210765765797427,99.9822477105527
"700","task05","3dof","Pronator Teres, Ulnar",50.2532817298845,28.4841374054747,50.7674284772127,0.029508690657376,99.9746392868779
"701","task05","3dof","Superior Infraspinatus",63.4900971951109,26.0115857417743,68.6648559796369,0.0280500710278186,99.9859110164803
"702","task05","3dof","Superior Latissimus Dorsi",45.9159421847101,28.5381155911059,43.7938924062114,0.0530309121318739,99.9880630076874
"703","task05","3dof","Superior Pectoralis Major",32.0037638036624,24.4743345094436,26.5088898455962,0.00636894659298837,99.9688586452364
"704","task05","3dof","Superior Rhombiod",49.809041034591,28.6901759142317,50.1322431927153,0.000725406629265013,99.983148566423
"705","task05","3dof","Superior Serratus Anterior",49.8949865321919,29.0458335450706,50.0360009943676,0.00536381333118285,99.9809912620758
"706","task05","3dof","Superior Subscapularis",41.5957839779124,27.6176487138449,37.696595038762,0.0124526065560737,99.9988428470012
"707","task05","3dof","Superior Trapezius, Scapula",50.5585810530564,29.1228575829059,50.7886489007314,0.0443087935626918,99.9991251208585
"708","task05","3dof","Supinator",50.0666095692424,28.761020678325,50.0470967030845,0.00090732298098084,99.9691989177216
"709","task05","3dof","Teres Major",38.2715878005111,24.5609666359171,35.3223005244134,0.0332240973922926,99.978531708018
"710","task05","3dof","Teres Minor",56.7832427417651,27.2144839192767,59.4950061560196,0.0434717313767763,99.9825453484438
"711","task05","3dof","Trapezius, Clavicle",50.2861753611331,28.7022657280752,50.3795571147071,0.00113538011500824,99.9956614308597
"712","task05","3dof","Triceps Lateral Head",50.1069802581094,28.711123922602,50.2643975047926,0.00325186147726586,99.9852249126546
"713","task05","3dof","Triceps Long Head",34.1416554464431,23.2034110999744,30.848211499204,0.0273952147593237,99.7617504469232
"714","task05","3dof","Triceps Medial Head",49.4887068427513,28.8389565272657,49.2333189365504,0.0270886895556322,99.9767030825125
"715","task05","5dof","Anconeus",47.8819347296408,28.9346932816885,47.0917029756252,0.00273633409560992,99.9802797445219
"716","task05","5dof","Anterior Deltoid",27.1412078175609,22.2906468595074,21.392214775613,0.00119191962607568,99.8546233476348
"717","task05","5dof","Anterior Supraspinatus",49.6340757930116,28.4676680439264,49.6309894358397,0.000962015492522728,99.9957335403612
"718","task05","5dof","Biceps Long Head",52.4362144018051,27.7923299923426,53.4738093739765,0.0608771527281227,99.9678181782488
"719","task05","5dof","Biceps Short Head",35.5942868979202,23.987305662011,32.3110530201636,0.0169343920613296,99.8991557647561
"720","task05","5dof","Brachialis",61.2820035287409,27.0239788497468,65.7151330774252,0.0342145066162924,99.9739237929928
"721","task05","5dof","Brachioradialis",53.512066871261,28.74239991109,54.9035366821628,0.00605956875986413,99.9920121355028
"722","task05","5dof","Coracobrachialis",28.5051663443204,22.8265908435633,22.9620111324397,0.0228745363839045,99.8728768120842
"723","task05","5dof","Inferior Infraspinatus",61.8474494603576,26.1900583928235,65.8348014776826,0.0667027165165979,99.9993332978867
"724","task05","5dof","Inferior Latissimus Dorsi",46.0135703575177,28.4897104670082,43.9962431898684,0.00469980188029795,99.983789985248
"725","task05","5dof","Inferior Pectoralis Major",11.9127827499357,10.3038765207776,9.22308955423343,0.000219136907617101,70.2334478990475
"726","task05","5dof","Inferior Rhombiod",49.9194116058588,28.9862226506579,50.3666904817781,0.000367203398599081,99.9989966580131
"727","task05","5dof","Inferior Serratus Anterior",49.7757968568616,29.0649237368287,49.8105453437134,0.0325486622769766,99.9812310460281
"728","task05","5dof","Inferior Subscapularis",43.392036013957,27.4722786698825,40.7657278806657,0.0100932321428049,99.9560785556237
"729","task05","5dof","Inferior Trapezius, Scapula",49.9453458863934,28.7773897388027,49.9375431642346,0.00273956008772225,99.9784085334131
"730","task05","5dof","Levator Scapula",50.7642993119887,28.9647675462534,51.2344628577813,0.0413780027512356,99.9904912405002
"731","task05","5dof","Middle Deltoid",83.5948869311649,13.0386888116735,86.5806820271637,17.9963162197024,99.9968716973369
"732","task05","5dof","Middle Latissimus Dorsi",45.3972961194654,28.2564913462747,43.2860979889163,0.0134147124139561,99.9951630877373
"733","task05","5dof","Middle Pectoralis Major",25.0521067833135,21.1375015156571,19.3528350563106,0.00219959672579928,99.9045163172074
"734","task05","5dof","Middle Serratus Anterior",49.569143745926,28.8819982449036,49.446026831984,0.00126728940642029,99.9822886734015
"735","task05","5dof","Middle Subscapularis",40.6366523060682,26.8378749877771,37.391705487941,0.00454180492688305,99.9731223406487
"736","task05","5dof","Middle Trapezius, Scapula",49.8218197476252,29.0198997115759,49.409186704676,0.0260003814917864,99.9552675525767
"737","task05","5dof","Pectoralis Minor",49.7397011508249,28.8144616981335,49.6088392661276,0.00705718643427278,99.9946020005973
"738","task05","5dof","Posterior Deltoid",71.7917742802052,22.5734101679813,77.3809182020969,0.304166461994915,99.9880776765147
"739","task05","5dof","Posterior Supraspinatus",54.9992100959772,28.3256659198231,57.5291666127243,0.0431414200439462,99.9735968054211
"740","task05","5dof","Pronator Quadratus",50.5895024653484,28.5313199963041,50.8002326599299,0.00413951733138074,99.9859609465165
"741","task05","5dof","Pronator Teres, Humeral",53.6759906733768,28.2764531252432,55.1096206851192,0.0284413387772187,99.9927223324211
"742","task05","5dof","Pronator Teres, Ulnar",50.3265499735587,28.7508100614368,50.7485922573895,0.00693150887316474,99.96286040777
"743","task05","5dof","Superior Infraspinatus",62.6584303906917,26.4361866478434,67.3772420564748,0.0331395206639828,99.9953829778929
"744","task05","5dof","Superior Latissimus Dorsi",46.1509851562574,28.4666686150089,44.5481482748057,0.0295180313529542,99.9999800917081
"745","task05","5dof","Superior Pectoralis Major",30.5099668896367,24.2324181764034,24.1594501596761,0.00216472945541724,99.9088655407072
"746","task05","5dof","Superior Rhombiod",49.4765378915772,28.8898418401334,49.094171514861,0.0234533866948161,99.947019524663
"747","task05","5dof","Superior Serratus Anterior",50.0332046013173,28.9983834667512,49.9893585520371,0.00590516596430946,99.995460493991
"748","task05","5dof","Superior Subscapularis",41.4913291041889,28.0859724511458,37.5460068734454,0.0112614516334431,99.9880819810325
"749","task05","5dof","Superior Trapezius, Scapula",49.8914976388142,29.1701017080202,50.1088305510035,0.0102050798924225,99.9957904150779
"750","task05","5dof","Supinator",47.8834925324603,21.981625963392,47.9192635100837,0.00020099936174911,99.7796876012347
"751","task05","5dof","Teres Major",47.0141421255467,24.4902295655318,46.728528700335,0.0110328161962214,99.9521806836315
"752","task05","5dof","Teres Minor",59.6098289845798,26.6125181961819,62.8772273907208,0.0638956715043104,99.9955085640172
"753","task05","5dof","Trapezius, Clavicle",50.2967742006537,28.8820996111056,50.456835754565,0.0238580858350546,99.9953749904415
"754","task05","5dof","Triceps Lateral Head",34.7476151897639,25.0003491972605,30.0982050618686,0.00798329617042737,99.8853996496886
"755","task05","5dof","Triceps Long Head",20.1076805888151,15.3227978816371,16.8077566281662,0.00121961962508133,91.2050658499225
"756","task05","5dof","Triceps Medial Head",29.8883807920043,22.4253375825154,25.2997337396009,0.0102847430012765,99.9771407027776
"757","task05","8dof","Anconeus",49.2276466371924,28.8594529354512,48.8080998295107,0.00390586705765195,99.9834780980773
"758","task05","8dof","Anterior Deltoid",5.2574586398737,4.561861013573,4.05306995584595,0.00172360919659942,30.2456673812303
"759","task05","8dof","Anterior Supraspinatus",51.2823328230805,28.6682752248531,51.5527114179628,0.0123201886133462,99.9956935796331
"760","task05","8dof","Biceps Long Head",55.60065124885,27.8573072873328,58.5267233790411,0.000585072077197157,99.9978555465109
"761","task05","8dof","Biceps Short Head",57.2613205525875,25.5639674377996,59.3750062385089,0.018654490029113,99.963048369633
"762","task05","8dof","Brachialis",57.6945560344294,27.4086304033767,60.7053702683095,0.0675139330980734,99.9879058567125
"763","task05","8dof","Brachioradialis",52.6760469315926,28.5832939676825,53.5856997833053,0.0418719748324303,99.998229130146
"764","task05","8dof","Coracobrachialis",46.6710150476767,27.4382507833752,45.4416927943098,0.00527745075824537,99.9944962434694
"765","task05","8dof","Inferior Infraspinatus",50.7448544373292,27.1160443943681,50.9840895017213,0.0099645865564213,99.9898104696952
"766","task05","8dof","Inferior Latissimus Dorsi",11.016414160361,10.5634627779686,7.85836008133245,0.00024799327626307,89.9590819050957
"767","task05","8dof","Inferior Pectoralis Major",1.58350665784796,1.4479585247767,1.17088411077172,0.000166899994751349,10.4616238188607
"768","task05","8dof","Inferior Rhombiod",2.98072445050538,2.83701507715956,2.13984977999548,0.00171446715573897,22.7143310172795
"769","task05","8dof","Inferior Serratus Anterior",26.9764704323753,5.74704126151592,27.2724347401496,2.23907526521443,45.220601155798
"770","task05","8dof","Inferior Subscapularis",51.4831213375656,27.5546736063476,52.2110461536102,0.054450581073906,99.9870464619574
"771","task05","8dof","Inferior Trapezius, Scapula",17.3804788730925,14.3795825932175,13.9109148692481,0.00135640339368748,90.0726095003583
"772","task05","8dof","Levator Scapula",4.05927121244895,3.85017311131489,2.92252145226196,0.000361142258411412,30.7807229074747
"773","task05","8dof","Middle Deltoid",66.9454461236913,18.8300926428072,68.4408406454291,2.56090883155253,99.9898327222913
"774","task05","8dof","Middle Latissimus Dorsi",8.77341363367574,8.19617750162156,6.47715265485154,0.00211932229139261,67.4931197420849
"775","task05","8dof","Middle Pectoralis Major",3.78757040223955,3.34252168282279,2.8702679610075,0.000310344368098514,23.5941755651176
"776","task05","8dof","Middle Serratus Anterior",10.1126225709016,9.68907759220712,7.17917167813446,0.00286080492446078,83.7204091594649
"777","task05","8dof","Middle Subscapularis",51.4672889318922,27.6263578543907,51.7918753107004,0.00437747800305921,99.9950709615822
"778","task05","8dof","Middle Trapezius, Scapula",4.36043817716127,3.94522754612931,3.22771098642176,0.000815996666336111,27.3986237478836
"779","task05","8dof","Pectoralis Minor",74.9975386321914,20.7805168013505,80.3279301807112,0.0212978606163872,99.99072631227
"780","task05","8dof","Posterior Deltoid",50.3751222464589,26.4721432011831,49.9143524010446,0.0141823408850716,99.9865078345829
"781","task05","8dof","Posterior Supraspinatus",50.7897686988198,28.7739153805504,50.8141362161186,0.0105790424125063,99.9902890057552
"782","task05","8dof","Pronator Quadratus",51.5045484917335,28.3965008977558,52.3290481918293,0.000290870821129108,99.9918119803918
"783","task05","8dof","Pronator Teres, Humeral",53.9831333803456,28.3659975966019,55.6949741136464,0.0116826977114459,99.9670039066903
"784","task05","8dof","Pronator Teres, Ulnar",50.7763644807179,28.5700222280647,51.1380880442089,0.0754146394254418,99.9569115913545
"785","task05","8dof","Superior Infraspinatus",51.3107680278705,27.9438869905082,51.717137637229,0.0825569749518085,99.9803366957377
"786","task05","8dof","Superior Latissimus Dorsi",11.4589442124872,10.8266949343156,8.24375435056611,0.000120490914887195,90.7779006889064
"787","task05","8dof","Superior Pectoralis Major",5.55875807540124,4.91808606273563,4.22232540089584,0.000191288795069883,35.350208430459
"788","task05","8dof","Superior Rhombiod",1.83654138540378,1.75163777064527,1.30547267848387,0.000218024947832088,15.9312709419389
"789","task05","8dof","Superior Serratus Anterior",9.06814913891409,7.77681644928499,7.03413531033029,0.000814023066154912,55.6135986128999
"790","task05","8dof","Superior Subscapularis",49.7050955527737,28.6191366111638,49.4666988844828,0.00591000941253528,99.9976939058082
"791","task05","8dof","Superior Trapezius, Scapula",1.97982283390793,1.84133426008863,1.44624243823236,0.000352965455536342,13.2567216095024
"792","task05","8dof","Supinator",41.5697576615798,21.3155596033951,40.9002462952159,0.00385311882723505,99.9021628905603
"793","task05","8dof","Teres Major",47.0173109219124,26.0336291118874,46.1683454793999,0.0102900725968857,99.9517186400194
"794","task05","8dof","Teres Minor",49.0414234321185,27.7624649420952,48.5784483640252,0.0113734082906158,99.9894940134582
"795","task05","8dof","Trapezius, Clavicle",50.3959812565262,29.0739023939464,50.50502807566,0.00801293996142149,99.9806710917466
"796","task05","8dof","Triceps Lateral Head",39.4078732076383,26.3651532068497,35.6788277129926,0.00896493993258751,99.9753437153496
"797","task05","8dof","Triceps Long Head",24.7942637665264,18.1370956643414,21.1578783324344,0.00164039410720518,99.6708417726313
"798","task05","8dof","Triceps Medial Head",36.2728593789929,24.6417727811966,32.4993786757365,0.0169998664078685,99.9133201454774
"799","task06","3dof","Anconeus",49.7799688198895,28.7846796342256,49.8853003253717,9.5202827077312e-05,99.9847149663241
"800","task06","3dof","Anterior Deltoid",32.5054120169901,24.5137414648765,27.422884312205,0.00365071544052853,99.9659461648245
"801","task06","3dof","Anterior Supraspinatus",54.5605534540879,28.5395675287174,56.6073212092254,0.000121120081442161,99.9688338428345
"802","task06","3dof","Biceps Long Head",46.0476456273482,28.627733186527,44.0827320963501,0.00492225599941776,99.9788832371564
"803","task06","3dof","Biceps Short Head",28.5191392919765,22.103896575964,23.3649291096788,0.00732955585184825,99.8953320871204
"804","task06","3dof","Brachialis",50.229993341477,28.9371730554503,50.0680864600744,0.016020794728816,99.9951821032129
"805","task06","3dof","Brachioradialis",50.2333649726891,28.8747428627773,50.2702619375039,0.0127258427526811,99.9942599668874
"806","task06","3dof","Coracobrachialis",30.1252316230805,23.3414539767494,24.9953210540583,5.11163928795799e-05,99.9731114327747
"807","task06","3dof","Inferior Infraspinatus",70.8075220159298,22.730659145597,76.1679987657123,0.116974993247132,99.9963916466399
"808","task06","3dof","Inferior Latissimus Dorsi",40.7365867528598,27.9623032397893,36.3933012919957,0.00562457934570881,99.9706826366461
"809","task06","3dof","Inferior Pectoralis Major",10.5762186766173,9.30742147388187,8.0662001249077,0.00135037932388893,78.7890964425529
"810","task06","3dof","Inferior Rhombiod",50.5440844867731,28.5276066012484,50.6112930733442,0.0045738338314727,99.9935755957913
"811","task06","3dof","Inferior Serratus Anterior",50.3715363051979,28.9790214351549,50.5519067062093,0.0123946930962404,99.9823873715697
"812","task06","3dof","Inferior Subscapularis",38.4390525910658,25.9582777882285,34.3440480107497,0.0388867015100103,99.9652937909936
"813","task06","3dof","Inferior Trapezius, Scapula",49.7699698815456,28.8406356445599,49.6668152497539,0.00181052491837752,99.984499944984
"814","task06","3dof","Levator Scapula",50.470605389898,28.9206883424114,50.4862383782147,0.0406232509910232,99.9965075495972
"815","task06","3dof","Middle Deltoid",89.2750728041666,9.05513833363868,91.6299456858102,36.2794969347648,99.9978134187545
"816","task06","3dof","Middle Latissimus Dorsi",39.4758863885423,27.3374076362167,35.0915005692909,0.00493816311923911,99.9694107798551
"817","task06","3dof","Middle Pectoralis Major",24.0878312504508,20.235381872112,18.6237348436276,0.00204858106023775,99.7738011834971
"818","task06","3dof","Middle Serratus Anterior",49.9293187338168,28.4741111875355,49.7001674394623,0.0291414347972974,99.9945466956376
"819","task06","3dof","Middle Subscapularis",41.6760881589982,26.7979816214337,38.4177464645645,0.00999301372827111,99.9463554190853
"820","task06","3dof","Middle Trapezius, Scapula",49.6466061333808,29.0800095939265,49.3428784875364,0.0185924961928097,99.9875333313235
"821","task06","3dof","Pectoralis Minor",50.3149282840595,28.953622278887,50.4135370940577,0.010494723770188,99.9956567006625
"822","task06","3dof","Posterior Deltoid",63.1555115716543,25.1493165297919,67.1550568942961,0.0144772996111708,99.9815138582424
"823","task06","3dof","Posterior Supraspinatus",57.8902012740708,27.8577051472968,61.1951474696057,0.00238741546060295,99.9796545745437
"824","task06","3dof","Pronator Quadratus",49.8250267081283,28.7164929076367,49.8484137737579,0.0148517143371663,99.9874491691231
"825","task06","3dof","Pronator Teres, Humeral",50.5470372137877,28.6221103216823,50.6996321699926,0.0160353038897165,99.9747545311869
"826","task06","3dof","Pronator Teres, Ulnar",50.1664903621058,28.8664547800332,50.6254356331458,0.0327572034711121,99.9730495981763
"827","task06","3dof","Superior Infraspinatus",71.1177876135455,22.8356289238569,76.7543700572358,0.0115644758501343,99.9967824329953
"828","task06","3dof","Superior Latissimus Dorsi",42.4832516590597,28.2678394077748,38.8208842668755,0.000148722667664414,99.978557603789
"829","task06","3dof","Superior Pectoralis Major",32.3904768414028,24.9027416124385,26.7194804087612,0.00458500228031067,99.9469188554041
"830","task06","3dof","Superior Rhombiod",49.7489396310492,28.7518042997566,49.4778136401144,0.00581557128258581,99.982719910077
"831","task06","3dof","Superior Serratus Anterior",49.9468591200762,28.7977873982985,49.8029960836122,0.00839561926002097,99.9759326898731
"832","task06","3dof","Superior Subscapularis",40.6277112131073,27.7126673336337,36.515544480324,0.0100254255828491,99.986942844358
"833","task06","3dof","Superior Trapezius, Scapula",50.0368190361412,29.0534636017986,50.1595921348035,0.0632770131719529,99.9920993032021
"834","task06","3dof","Supinator",50.0558390638773,28.759086516651,49.4901218180168,0.000532158631316726,99.9767233662842
"835","task06","3dof","Teres Major",22.484350214669,17.3166690155724,18.8966967381878,0.00208014426490433,98.0753564624408
"836","task06","3dof","Teres Minor",62.5977890470882,25.9477279374523,66.7751592787178,0.0495493196211116,99.9968253376383
"837","task06","3dof","Trapezius, Clavicle",49.6004582497564,28.6861119973903,49.4129076105891,0.00519740713674222,99.9947948152767
"838","task06","3dof","Triceps Lateral Head",50.2814117868039,28.8239936020438,49.9151831000817,0.0175993704524369,99.990626164197
"839","task06","3dof","Triceps Long Head",22.7987922552733,17.2882264339908,19.0923817108166,0.00360871866426082,96.4970224306299
"840","task06","3dof","Triceps Medial Head",49.9676688004423,28.8277096561029,50.0352192842446,0.00667634309936549,99.954169108851
"841","task06","5dof","Anconeus",47.6601900803317,28.6012672254773,47.1952089479833,0.0289008979091343,99.9797779148536
"842","task06","5dof","Anterior Deltoid",28.4939033646676,22.4909938932156,22.9641775057061,0.000711585140705795,99.9011266011214
"843","task06","5dof","Anterior Supraspinatus",51.6264625201694,28.5294606865854,52.3842163944956,0.000459940152985894,99.9983128471056
"844","task06","5dof","Biceps Long Head",56.8932218369678,27.8613749252973,59.7952742455229,0.018483181628115,99.9911897765389
"845","task06","5dof","Biceps Short Head",41.6120085882287,24.7762394274834,39.7757642337424,0.0122662885307934,99.9093783245307
"846","task06","5dof","Brachialis",64.7886011553373,25.4014404703808,69.7140338758147,0.0464473159397683,99.9987743879496
"847","task06","5dof","Brachioradialis",55.0325013218355,28.6086451243462,57.9140505173916,0.00143746803491496,99.9688716853526
"848","task06","5dof","Coracobrachialis",28.297795109218,22.4580851332534,22.694985062023,0.000680756129839422,99.9979273264208
"849","task06","5dof","Inferior Infraspinatus",69.8124899808435,23.1352155765041,75.1425059590517,0.203332418665336,99.9925321819911
"850","task06","5dof","Inferior Latissimus Dorsi",42.4476950894839,28.0287149752759,38.8785539139587,0.0503787473453199,99.9439007170338
"851","task06","5dof","Inferior Pectoralis Major",10.137823139621,8.92617989116806,7.67432958236936,0.00202457912655413,58.6301577508777
"852","task06","5dof","Inferior Rhombiod",50.1438236117402,28.5588063253726,49.9674971402012,0.000852739500117883,99.9852360909626
"853","task06","5dof","Inferior Serratus Anterior",50.1391232307311,29.0373081181475,49.7879695026665,0.000596049057249859,99.9983046613887
"854","task06","5dof","Inferior Subscapularis",37.9743963411515,26.1651146306934,33.9345388563487,0.00523882148742438,99.9952404621123
"855","task06","5dof","Inferior Trapezius, Scapula",49.7150244796493,28.8507855240087,49.8830354903075,0.00120656973576772,99.9926285244898
"856","task06","5dof","Levator Scapula",49.8211595027596,28.9469207789298,49.9989421979531,0.00519514011883548,99.9940865793051
"857","task06","5dof","Middle Deltoid",88.3220642919811,9.71858517124501,90.6759163865314,33.9689089966719,99.9981712621742
"858","task06","5dof","Middle Latissimus Dorsi",40.1591786760504,27.9006653835753,35.6558527114857,0.00845512641369783,99.9685937945196
"859","task06","5dof","Middle Pectoralis Major",22.4628194679599,19.3414822591178,17.112603567191,0.00746707359480236,99.9269589806401
"860","task06","5dof","Middle Serratus Anterior",50.2052629026446,28.9020477723216,50.4310561001616,0.0078731275461208,99.9849023254501
"861","task06","5dof","Middle Subscapularis",39.050780044054,26.3079939212581,35.1557747651886,0.00635938786342494,99.945714751497
"862","task06","5dof","Middle Trapezius, Scapula",49.6152450803268,28.9851238302864,49.6687326397634,0.00704804008628268,99.9858091205863
"863","task06","5dof","Pectoralis Minor",49.8682501680232,28.9264684483791,49.6782366199192,0.0103926808908361,99.9923100181174
"864","task06","5dof","Posterior Deltoid",69.8800818760788,22.7791048880729,75.0295944052829,0.0619812232963257,99.9832981584954
"865","task06","5dof","Posterior Supraspinatus",56.9906966813288,28.2594637388744,60.3036220575011,0.00513954806741213,99.9917052985452
"866","task06","5dof","Pronator Quadratus",49.539073894034,28.5819491879948,49.4287418295074,0.013713809938859,99.9972144981915
"867","task06","5dof","Pronator Teres, Humeral",53.4767752061575,28.2886800301097,54.9519245910588,0.000258366464600535,99.9694228358334
"868","task06","5dof","Pronator Teres, Ulnar",50.1132472784993,28.9885710435673,50.2248053651558,0.00836381304882838,99.9878246973917
"869","task06","5dof","Superior Infraspinatus",69.7997769917899,23.6669882196618,75.4003922399421,0.0281814622644871,99.9938905135154
"870","task06","5dof","Superior Latissimus Dorsi",43.5170879984742,28.6104060994549,40.4523064826874,0.00442517747816784,99.9568389330007
"871","task06","5dof","Superior Pectoralis Major",29.8481333440857,24.021059123482,23.6550050085453,0.000231619836715824,99.9203807097475
"872","task06","5dof","Superior Rhombiod",50.4333601435722,29.0759942651429,50.2492240067032,0.0110992387879039,99.9910931288253
"873","task06","5dof","Superior Serratus Anterior",49.7879293296022,29.2048546025879,49.3655508898977,0.00337084269957932,99.9832485327786
"874","task06","5dof","Superior Subscapularis",39.5572791606711,27.567833174955,34.8797535863285,0.00782724243192923,99.9543851812369
"875","task06","5dof","Superior Trapezius, Scapula",49.8133245940105,28.5340238449134,49.691845399971,0.151988102213158,99.998202922599
"876","task06","5dof","Supinator",52.6616594246184,22.1337548353345,53.1548704181542,0.12142533680064,99.8892413864752
"877","task06","5dof","Teres Major",26.5525818139977,18.7976873152227,23.3330159459111,0.00556619089792654,96.8790332010742
"878","task06","5dof","Teres Minor",63.9559029734518,25.2189568921948,68.2728646522708,0.0239665940288902,99.9877311350289
"879","task06","5dof","Trapezius, Clavicle",50.4285935307312,28.6551739470487,50.4815803551706,0.0275012206638392,99.997967173181
"880","task06","5dof","Triceps Lateral Head",30.3173144787834,22.8407006721164,25.215087294397,0.00557276067046364,99.9538623024946
"881","task06","5dof","Triceps Long Head",13.7297700306319,11.2662363228276,10.8854467105444,0.00134523726906255,77.0143136455219
"882","task06","5dof","Triceps Medial Head",25.2466131452001,19.8008893087915,21.0093215694925,0.00127341315560581,99.9820074549981
"883","task06","8dof","Anconeus",48.6116388003849,28.98316292415,48.477060214563,0.0212846286685386,99.966893735398
"884","task06","8dof","Anterior Deltoid",2.61551976676967,2.33302007148993,2.00056597923364,0.000424127151474329,19.0616970684227
"885","task06","8dof","Anterior Supraspinatus",52.5820094303937,28.6035630130165,53.4916678749003,0.000863131105399706,99.9994366521255
"886","task06","8dof","Biceps Long Head",59.401894683066,27.3440017922019,62.8109402497944,0.0760055794459258,99.9951878366681
"887","task06","8dof","Biceps Short Head",66.0919724560919,23.2171485559869,69.6926094437381,0.103606088381913,99.9940125516513
"888","task06","8dof","Brachialis",60.5181666911067,27.0158650561517,64.3298016282557,0.0631501353318242,99.9973955398551
"889","task06","8dof","Brachioradialis",53.3819453500909,28.5415652188854,55.2212733257536,0.000331915936924165,99.9723091535928
"890","task06","8dof","Coracobrachialis",49.9506167876204,27.1480856450787,50.1020876811924,0.00345630555317333,99.9796929184535
"891","task06","8dof","Inferior Infraspinatus",59.1264725805956,26.2626290179274,62.0787501196872,0.0248473676070282,99.9549541477654
"892","task06","8dof","Inferior Latissimus Dorsi",5.72808882529312,5.52144476808127,4.03887594695874,0.00089600804824147,42.5006294617711
"893","task06","8dof","Inferior Pectoralis Major",0.797141056259843,0.734709485894592,0.578975120096599,0.000242161842400196,5.13419195462277
"894","task06","8dof","Inferior Rhombiod",1.68599844271022,1.59167537134951,1.21733769517894,0.000443272234139369,13.5145966073236
"895","task06","8dof","Inferior Serratus Anterior",51.3048947713276,3.18887935438658,51.4876793872034,33.6222875028471,62.1753073440372
"896","task06","8dof","Inferior Subscapularis",45.0754203006943,27.1232962214022,43.0479378379034,0.00797589374313956,99.9380031695668
"897","task06","8dof","Inferior Trapezius, Scapula",11.3858032342248,9.17404550314593,9.24311259085422,0.00448112779497106,65.2434338335185
"898","task06","8dof","Levator Scapula",2.3078018511549,2.21036189154962,1.64372837345326,9.56443730174006e-05,20.0313439054092
"899","task06","8dof","Middle Deltoid",76.1906665982654,15.021960306292,77.8317959008416,17.576358375756,99.9874938858442
"900","task06","8dof","Middle Latissimus Dorsi",4.5094322644819,4.34165235141487,3.19964994853017,0.000852310777485488,36.7887481966583
"901","task06","8dof","Middle Pectoralis Major",1.81082739781928,1.6471955490026,1.34080888411822,0.000139788559163495,12.3233109012174
"902","task06","8dof","Middle Serratus Anterior",5.58707331525927,5.41624876014486,3.98941878065297,0.00194292703540738,57.62322034555
"903","task06","8dof","Middle Subscapularis",48.9776292677963,27.7653094263477,48.7187080737983,0.00533968359792691,99.964776527646
"904","task06","8dof","Middle Trapezius, Scapula",2.61621069716454,2.39596644121593,1.91412794570036,0.000845170419288069,16.7077092771306
"905","task06","8dof","Pectoralis Minor",87.3334373790988,11.3470170892559,90.5627667967988,22.8994837807053,99.9967333660581
"906","task06","8dof","Posterior Deltoid",44.3524819470669,25.6712585701969,43.0084861747089,0.00263918804838115,99.9570817577803
"907","task06","8dof","Posterior Supraspinatus",52.2677632477446,28.7203300985546,52.4675504946295,0.0367885119974543,99.9805781173472
"908","task06","8dof","Pronator Quadratus",50.6024179805353,28.4761385378959,50.7668587222674,0.0078166754765352,99.9603760348689
"909","task06","8dof","Pronator Teres, Humeral",53.2983834972965,28.1948122997279,54.6883543755054,0.00242259647155185,99.9664991224273
"910","task06","8dof","Pronator Teres, Ulnar",50.7392016077397,28.8460104815184,51.0819956180906,0.0130817812909578,99.9947911620753
"911","task06","8dof","Superior Infraspinatus",57.9652317795717,26.8915370899808,60.7515817763202,0.0141114186387847,99.9954879764591
"912","task06","8dof","Superior Latissimus Dorsi",6.06357683123409,5.7480760239049,4.42253548680103,0.00140506131840051,40.9342185071877
"913","task06","8dof","Superior Pectoralis Major",2.78272864608303,2.43439046771312,2.08616710079191,2.32860985091565e-05,17.151889654821
"914","task06","8dof","Superior Rhombiod",1.04295605562702,0.976921734608849,0.753105820947168,0.000153860437674715,7.40514613790255
"915","task06","8dof","Superior Serratus Anterior",5.84073449217326,4.90120095697951,4.60292121755875,0.000511961577485953,36.1848743067081
"916","task06","8dof","Superior Subscapularis",48.6478878945047,28.8483120690295,48.4123742815664,0.00618439582211749,99.9971995891809
"917","task06","8dof","Superior Trapezius, Scapula",1.1570518602388,1.07467509353163,0.854624518713575,6.78496602310105e-05,9.79199608403287
"918","task06","8dof","Supinator",45.4380823585728,21.7463253404548,44.7996356124601,0.0173371337418571,99.9731375134798
"919","task06","8dof","Teres Major",32.588037194253,21.9212845535342,29.4931081573244,0.00890149396473583,99.8397966342122
"920","task06","8dof","Teres Minor",54.0267059846297,27.1924345115909,55.4201891797579,0.0192907231743811,99.9985029996002
"921","task06","8dof","Trapezius, Clavicle",49.7608606945024,28.6350325588431,49.4294429156537,0.0101594716810594,99.9857269563416
"922","task06","8dof","Triceps Lateral Head",36.5423715256412,25.5924906734958,31.9764315659184,0.00767093717783385,99.9825589603624
"923","task06","8dof","Triceps Long Head",18.5356176194565,14.4910337819979,15.2278457578388,0.00208857405486762,89.8735832505226
"924","task06","8dof","Triceps Medial Head",31.5112209443815,22.7860766946573,27.2744077862306,5.65239293870423e-05,99.9765830673412
"925","task07","3dof","Anconeus",49.600088189056,28.7608051566813,49.6888386189596,0.00229814343605805,99.9945454363678
"926","task07","3dof","Anterior Deltoid",40.353936111227,26.2102566252614,37.2023704765712,0.0161351798016629,99.9855499576783
"927","task07","3dof","Anterior Supraspinatus",67.3191949952142,24.9524276496605,72.9676342835702,0.00274002443965138,99.9853953770778
"928","task07","3dof","Biceps Long Head",52.4803220172854,28.6579611652314,53.510187073542,0.00204921765473154,99.9818267836887
"929","task07","3dof","Biceps Short Head",28.7731392171421,22.1037061303267,23.8359046593616,0.0015430831846186,99.9315253548654
"930","task07","3dof","Brachialis",50.1646243886671,28.8207060552562,50.2180834332083,0.00519053416146997,99.9941449593742
"931","task07","3dof","Brachioradialis",50.1094268623465,28.8805856621794,50.2276389435628,0.00499620253677779,99.9828890480918
"932","task07","3dof","Coracobrachialis",27.0159413097239,21.611007206683,21.8179395558019,0.000101741340541306,99.9615631907571
"933","task07","3dof","Inferior Infraspinatus",85.2800230833749,13.3004693030491,89.1200682848651,12.5861353283133,99.9995170392477
"934","task07","3dof","Inferior Latissimus Dorsi",27.1646788589844,22.5768058419045,21.1707078349736,0.00103884116523234,99.9033648465425
"935","task07","3dof","Inferior Pectoralis Major",6.39148527409669,5.90639924711307,4.69690053188767,0.000567614269253447,45.842545349916
"936","task07","3dof","Inferior Rhombiod",50.1985428810687,28.9561352993815,50.2298674761386,0.00298598748322276,99.9996028899241
"937","task07","3dof","Inferior Serratus Anterior",50.3003796483367,28.756843163785,50.1921341315061,7.62181938118722e-05,99.9987589351255
"938","task07","3dof","Inferior Subscapularis",25.1719777152467,20.2098083227611,20.3221889617515,0.000570022292395445,99.6387747462942
"939","task07","3dof","Inferior Trapezius, Scapula",49.7328668662086,29.1111277728628,49.512364005462,0.00208973976848492,99.9967557322495
"940","task07","3dof","Levator Scapula",50.1329445121693,29.03980395272,50.4009326308808,0.0272636148314798,99.9955067823361
"941","task07","3dof","Middle Deltoid",95.0459130357913,4.37686673574046,96.2275197378049,54.3843512904041,99.9984699163619
"942","task07","3dof","Middle Latissimus Dorsi",24.580609151216,21.3491498864125,18.5273654374651,0.00378773823743739,99.8849614683202
"943","task07","3dof","Middle Pectoralis Major",17.1284604607713,15.5784505903566,12.7148214355025,0.00200151388238812,99.3405151454229
"944","task07","3dof","Middle Serratus Anterior",50.0064960082057,28.8192382172452,49.6883532563433,0.000969509695003534,99.9960490804431
"945","task07","3dof","Middle Subscapularis",39.2555739025906,25.4767706806218,35.9299889400725,0.00336669074410545,99.9806716213921
"946","task07","3dof","Middle Trapezius, Scapula",50.0641056539561,28.8430263000224,49.5627484724918,0.00430192170285948,99.9879982029999
"947","task07","3dof","Pectoralis Minor",50.0257654892942,28.9517266463161,49.9570747756218,0.00634991859932432,99.9867791652612
"948","task07","3dof","Posterior Deltoid",38.7074808035925,24.7479355595194,35.6124941849937,0.0206233827087177,99.9256804442763
"949","task07","3dof","Posterior Supraspinatus",67.4411767405872,25.341584224714,73.376954785649,0.0202318136386492,99.9948520187339
"950","task07","3dof","Pronator Quadratus",50.397510539013,29.0603188891859,50.2346394126949,0.0371792121189707,99.996883458016
"951","task07","3dof","Pronator Teres, Humeral",50.4141268465282,29.0240281706681,50.2379109557081,0.0100190991520754,99.9886174301557
"952","task07","3dof","Pronator Teres, Ulnar",50.3521876821247,28.6470417838228,50.410948070493,0.0284840776773099,99.971216531785
"953","task07","3dof","Superior Infraspinatus",85.7856774027904,12.9894574873634,89.5168298971006,3.96630586748071,99.9993028237009
"954","task07","3dof","Superior Latissimus Dorsi",32.1075646259649,25.259507160545,25.8373282248876,0.00463502553212369,99.9282069899006
"955","task07","3dof","Superior Pectoralis Major",30.7102721240482,24.1014206278147,25.0679916262701,0.01191282857822,99.9316891082416
"956","task07","3dof","Superior Rhombiod",49.8047276679852,28.8175940520046,50.3466419814326,0.0236512033998548,99.9845750176428
"957","task07","3dof","Superior Serratus Anterior",50.2489767559723,29.2085242954708,50.5679028867948,0.00242800332984072,99.9923806709846
"958","task07","3dof","Superior Subscapularis",34.1346784863815,25.9534696011221,28.3466372870923,0.00894572385004011,99.9953714765857
"959","task07","3dof","Superior Trapezius, Scapula",50.1572711063969,28.8728424222418,50.1468762506683,0.00410603383345642,99.9927557609884
"960","task07","3dof","Supinator",49.9065709876957,28.835167909344,49.5284117433296,0.000349641043917437,99.9729818053205
"961","task07","3dof","Teres Major",7.87758357682284,7.07689908261425,5.91556096200146,0.000853187012503365,51.6170799161718
"962","task07","3dof","Teres Minor",72.8050570206713,20.957665067175,77.391117945835,0.222973050915487,99.9956595651411
"963","task07","3dof","Trapezius, Clavicle",50.2713460417107,28.5494976141325,50.2552356557928,0.00217227605308623,99.9975501786056
"964","task07","3dof","Triceps Lateral Head",50.0104564260194,28.540474507573,50.1463307790401,0.00256327705138726,99.9855296823998
"965","task07","3dof","Triceps Long Head",8.53068532008498,7.51019638949307,6.3865450778226,0.00178655300739211,62.2472475716839
"966","task07","3dof","Triceps Medial Head",49.832565118673,28.9643301355846,49.9070533862597,0.00977064669565042,99.9927206045879
"967","task07","5dof","Anconeus",46.3470684935643,28.5973477990542,45.218145072131,0.0122060679347058,99.9790685654363
"968","task07","5dof","Anterior Deltoid",31.8796741832719,24.0593931555639,26.7876882854742,0.00651828435125346,99.8922810388454
"969","task07","5dof","Anterior Supraspinatus",66.7722733269798,25.0144198725582,72.2890067686313,0.106205174527096,99.9892233280053
"970","task07","5dof","Biceps Long Head",69.8489989627989,23.7676912125176,75.6164626174251,0.0023027934700659,99.9845128511374
"971","task07","5dof","Biceps Short Head",51.8605948677313,24.0498395483701,52.5123893692616,0.125446396189954,99.9252790381506
"972","task07","5dof","Brachialis",72.1014126583379,22.3943734623238,77.8247520016569,0.036453407638859,99.9924808579588
"973","task07","5dof","Brachioradialis",57.6674934100699,28.1134413426539,60.718395819229,0.0180994534562218,99.9810611931634
"974","task07","5dof","Coracobrachialis",22.5980064161944,19.2020008239996,17.284116728921,0.00015476046687779,98.6334316672231
"975","task07","5dof","Inferior Infraspinatus",84.5593649441249,13.6406726745643,88.2967718716867,14.5782738096885,99.9964163505016
"976","task07","5dof","Inferior Latissimus Dorsi",28.2346865600016,23.2456056913729,21.9298884379885,0.00475354714808973,99.8592214242422
"977","task07","5dof","Inferior Pectoralis Major",5.70746572251538,5.23345328400301,4.2074241382856,0.00093275723998254,35.8817381880936
"978","task07","5dof","Inferior Rhombiod",50.5762383525691,28.9118647029047,51.2341200027004,0.00800439610375014,99.9591855184806
"979","task07","5dof","Inferior Serratus Anterior",49.9009591764377,28.806667538146,49.3129268875174,0.00185266465016487,99.9875432787559
"980","task07","5dof","Inferior Subscapularis",26.8946289720428,21.1207601046812,21.9455491933399,0.00511125731147977,99.8831416905199
"981","task07","5dof","Inferior Trapezius, Scapula",49.2596486758028,28.826100936114,49.0629270251569,0.0025217048462034,99.9850377993559
"982","task07","5dof","Levator Scapula",49.7200290956372,28.7021704612205,49.9749732927486,0.0167656826893958,99.9959425653338
"983","task07","5dof","Middle Deltoid",95.1987397538371,4.32522651884026,96.4788000311233,62.0733666564047,99.9995150706291
"984","task07","5dof","Middle Latissimus Dorsi",24.7921910484883,21.1872980472695,19.0579863452934,0.006503947836492,99.7713461161413
"985","task07","5dof","Middle Pectoralis Major",15.1964608246591,13.9346807055337,11.2269295308879,0.00277770329794869,95.2447093066826
"986","task07","5dof","Middle Serratus Anterior",49.5336079621949,28.699328078371,49.313251596712,0.0170707755071331,99.9985706740454
"987","task07","5dof","Middle Subscapularis",38.2412740129867,25.56355919866,34.7267833337504,0.00734474052516143,99.9949441648508
"988","task07","5dof","Middle Trapezius, Scapula",49.7955492383609,29.0275640031086,49.5645612521316,0.00938406851580531,99.9854425912799
"989","task07","5dof","Pectoralis Minor",50.2469998421612,29.0438181429448,50.6223754990879,0.0385426910854691,99.9971114850477
"990","task07","5dof","Posterior Deltoid",49.3550660233435,25.1843146283303,48.8924716995956,0.0174353016120676,99.9724595069038
"991","task07","5dof","Posterior Supraspinatus",67.4238382512643,25.3478642399801,73.2697487669332,0.0125751476401925,99.9957993230212
"992","task07","5dof","Pronator Quadratus",47.861817581399,28.1938075559688,47.3243566247334,0.00543430920530996,99.9995368308368
"993","task07","5dof","Pronator Teres, Humeral",54.268335297167,28.0502234364208,56.2095777305357,3.43597333585244e-05,99.9843600624119
"994","task07","5dof","Pronator Teres, Ulnar",49.8463975299167,28.8073094219835,50.1302242467873,0.0165780767593715,99.9914325125719
"995","task07","5dof","Superior Infraspinatus",85.5217657740892,13.1697111424049,89.1919374921861,11.4349036838498,99.9991669723549
"996","task07","5dof","Superior Latissimus Dorsi",32.5661913333731,25.2867842507563,26.717931789131,0.0229654729389905,99.9881698779626
"997","task07","5dof","Superior Pectoralis Major",26.9001611978641,22.6245753004206,20.9117223269552,0.00413280183788611,99.8553494146862
"998","task07","5dof","Superior Rhombiod",49.9604470261686,29.101933979806,49.9397080035649,0.0349853977350656,99.9955367910456
"999","task07","5dof","Superior Serratus Anterior",49.8829387386113,29.1180832743983,50.0411933311455,0.00623555318986502,99.9701606101213
"1000","task07","5dof","Superior Subscapularis",33.0881094535306,25.63398409606,26.849582594965,0.011595839406825,99.9435463353125
"1001","task07","5dof","Superior Trapezius, Scapula",49.5911745720551,28.8581325945279,49.4418292095056,0.0371225478168757,99.9902335914163
"1002","task07","5dof","Supinator",59.7676478306009,21.3975940859283,60.949064033022,0.00354237345043806,99.9585782411118
"1003","task07","5dof","Teres Major",8.08975707885274,7.148483436135,6.15165938628627,0.00108503534198001,54.4444552864835
"1004","task07","5dof","Teres Minor",71.6506636639998,21.3646921634725,75.9387369396662,0.175334006341366,99.9895420832918
"1005","task07","5dof","Trapezius, Clavicle",49.7733853002029,28.9311085959603,49.963152217307,0.00772518890458374,99.9939626689659
"1006","task07","5dof","Triceps Lateral Head",22.8334735081202,18.5659140772193,18.3041764554153,0.000146995490163393,98.9548305655215
"1007","task07","5dof","Triceps Long Head",5.8633856438908,5.21733669640365,4.38467704865682,1.0056729773944e-05,45.1509980213948
"1008","task07","5dof","Triceps Medial Head",18.1584098423975,15.2807665717701,14.2077867828855,0.00186398388518916,96.4963947383412
"1009","task08","11dof","Anconeus",48.2611877836175,28.8428619728956,47.6989522695642,0.00339075313812165,99.9878665819588
"1010","task08","11dof","Anterior Deltoid",17.5942564102516,12.5417509611055,15.448788699234,0.000956828433623658,69.0572213281934
"1011","task08","11dof","Anterior Supraspinatus",51.6045205549298,28.7514828488042,52.0452377505992,0.00973101235713925,99.9846744839475
"1012","task08","11dof","Biceps Long Head",57.0474800412728,27.8301055283497,59.9640864566707,0.0266696160483249,99.9963865948072
"1013","task08","11dof","Biceps Short Head",58.2805913988417,25.6956027628761,60.9666514194079,0.0204653121636644,99.9925321177439
"1014","task08","11dof","Brachialis",59.8890756595058,27.2708903264275,63.9226259464492,0.0104565537006329,99.9847888958902
"1015","task08","11dof","Brachioradialis",53.9526714922644,28.4085913421429,55.6933970854354,0.0490164576492647,99.9988619716896
"1016","task08","11dof","Coracobrachialis",46.5257074221451,27.5969517754922,45.3193625815103,0.0161469620756804,99.9868386229375
"1017","task08","11dof","Inferior Infraspinatus",41.0887573473768,26.1397761132166,38.1135555813713,0.00127690018104643,99.9538585491496
"1018","task08","11dof","Inferior Latissimus Dorsi",6.17602620282566,5.7444860391873,4.50909230093917,0.000307226992124487,47.1009758562206
"1019","task08","11dof","Inferior Pectoralis Major",2.67307702461677,2.42679625059086,1.99153639123961,0.000437377953663512,16.3094491483682
"1020","task08","11dof","Inferior Rhombiod",3.65961241783166,3.42510618653482,2.63969717064714,0.000730124977087188,25.106379098877
"1021","task08","11dof","Inferior Serratus Anterior",5.39418213645607,3.86662082793015,4.70533537313013,0.000401384447684672,21.7070090624
"1022","task08","11dof","Inferior Subscapularis",58.772381094937,26.9093404724405,61.967621308104,0.00470807009949059,99.9735503599978
"1023","task08","11dof","Inferior Trapezius, Scapula",3.22407048587375,2.93517300363245,2.3852264553646,5.14130898965348e-05,20.8285244645818
"1024","task08","11dof","Levator Scapula",6.93830266656237,5.93002046644174,5.41611439531785,0.000272492759442744,44.8133690235385
"1025","task08","11dof","Middle Deltoid",46.7031572433315,20.8322037615743,46.3604330683088,0.0775792362520789,99.9848821744578
"1026","task08","11dof","Middle Latissimus Dorsi",4.6247800226769,4.37476110819559,3.30698892031395,0.000798826069223907,31.6591077243847
"1027","task08","11dof","Middle Pectoralis Major",8.82558368876973,7.41374670584095,6.87925013355535,0.00151675438774812,46.805130715372
"1028","task08","11dof","Middle Serratus Anterior",28.8938295386418,13.2495658113481,29.243856902801,0.0276175245923549,75.4608351784462
"1029","task08","11dof","Middle Subscapularis",57.0796741586099,27.0383891505836,59.619187382024,0.00474864470576541,99.9846999215262
"1030","task08","11dof","Middle Trapezius, Scapula",2.20439204500186,2.03720703963257,1.60096007431225,0.000128588408060751,19.9195597523654
"1031","task08","11dof","Pectoralis Minor",15.3563821646478,12.2555112265209,12.443252545952,0.00300229616605197,68.6012441425339
"1032","task08","11dof","Posterior Deltoid",49.5813014656191,26.2261181235767,49.5295502647934,0.0188286795060333,99.9964204971254
"1033","task08","11dof","Posterior Supraspinatus",49.4383129425787,28.8128439535381,49.0542239876273,0.0150645234285429,99.9921014502433
"1034","task08","11dof","Pronator Quadratus",56.8414852425581,27.5246668193648,59.1702862284251,0.0058150800426815,99.9942125065298
"1035","task08","11dof","Pronator Teres, Humeral",59.2591339128901,26.8788021951543,62.7635130293563,0.0041824488443476,99.99606964198
"1036","task08","11dof","Pronator Teres, Ulnar",52.3764236444763,28.8747779534604,53.7497004605005,0.00356127708047715,99.9947772233447
"1037","task08","11dof","Superior Infraspinatus",43.6626940850438,27.5369470275536,41.5001342183165,0.00316316407337203,99.9992344201635
"1038","task08","11dof","Superior Latissimus Dorsi",7.4932763085584,6.96660077051494,5.43828189587034,0.000364511859417271,67.5669572690562
"1039","task08","11dof","Superior Pectoralis Major",18.8475183687061,13.3459319662462,16.6007001946556,0.00932764388196228,72.9034810709021
"1040","task08","11dof","Superior Rhombiod",2.36435072979494,2.14807154916624,1.7538680193787,0.000155026314673651,14.6659872555242
"1041","task08","11dof","Superior Serratus Anterior",13.9818307950336,10.7632663368577,11.6261791100372,0.00470912911151866,69.3081525789348
"1042","task08","11dof","Superior Subscapularis",51.6401173593198,28.6139436341347,52.6477291340057,0.00371326884391898,99.9947131024324
"1043","task08","11dof","Superior Trapezius, Scapula",1.59498738430303,1.47187347049417,1.17728062047533,0.000206657205064492,12.5467489624987
"1044","task08","11dof","Supinator",28.3695045790703,17.8368872326687,26.1327111150579,0.0205030774923731,95.5336405095113
"1045","task08","11dof","Teres Major",56.8557790792732,26.1424705439157,58.828889321887,0.0100722137957532,99.9735882004065
"1046","task08","11dof","Teres Minor",41.6821642787564,26.7650596102531,38.360393836526,0.0110829216850794,99.9534031928614
"1047","task08","11dof","Trapezius, Clavicle",61.8980023226219,23.9959891337482,64.0722822044571,0.0302682119966979,99.9874469191197
"1048","task08","11dof","Triceps Lateral Head",36.7201617866141,26.1381088031271,31.8509126489952,0.0097006972163638,99.9928049674899
"1049","task08","11dof","Triceps Long Head",24.4966271421139,18.4006584779834,20.7463108240344,0.0049457344076631,98.9041714416626
"1050","task08","11dof","Triceps Medial Head",32.1110169392531,23.412682383636,27.5967891846074,0.0029328289966768,99.9025834816581
"1051","task08","3dof","Anconeus",49.9880238418456,28.9142766551627,49.9578012097407,0.0039136103773485,99.9951218141414
"1052","task08","3dof","Anterior Deltoid",35.1615007421171,25.3848864373772,30.2484634815502,0.0124642304564881,99.9873751888035
"1053","task08","3dof","Anterior Supraspinatus",50.982445688649,28.8326853817735,51.7701746542606,0.00402653703358569,99.995694756926
"1054","task08","3dof","Biceps Long Head",46.2603181052033,28.5570791782419,44.6854726975231,0.00746421166138989,99.9979020675412
"1055","task08","3dof","Biceps Short Head",32.8922473302438,24.4121287989275,27.7943238997133,0.0187412744784343,99.9986136168133
"1056","task08","3dof","Brachialis",50.4672345962862,28.657417680542,50.7625644187222,0.0043106614816546,99.9864927980679
"1057","task08","3dof","Brachioradialis",49.8638593911752,28.6204645667694,50.1706906029761,0.00997304403695942,99.9843088942459
"1058","task08","3dof","Coracobrachialis",35.1976113979064,25.7241174294286,29.9029576334337,0.00204821348366857,99.9471650251147
"1059","task08","3dof","Inferior Infraspinatus",52.9816022220999,27.4201271626105,53.7853181358112,0.00204757528937671,99.990008404865
"1060","task08","3dof","Inferior Latissimus Dorsi",48.3230246040125,28.7922012122703,47.6601147065039,0.00474063764565047,99.9811435699513
"1061","task08","3dof","Inferior Pectoralis Major",17.8428700914474,14.5529181263173,14.2124622650542,0.00281781481151488,95.8429243200188
"1062","task08","3dof","Inferior Rhombiod",50.1050908449241,28.7877253398693,50.0522868490371,0.009835576809758,99.9875363626451
"1063","task08","3dof","Inferior Serratus Anterior",50.1390711493156,28.8540363164031,50.1600038018845,0.00487274921615044,99.9876167537345
"1064","task08","3dof","Inferior Subscapularis",50.5243078298085,27.6505952678559,50.7124465951135,0.000364297799193558,99.9883713164135
"1065","task08","3dof","Inferior Trapezius, Scapula",50.2529450950864,29.0398337417233,50.1149592892341,0.0216604519001962,99.9672528732066
"1066","task08","3dof","Levator Scapula",50.0893559856207,29.0464820672165,49.7496824668983,0.00789464238192816,99.9763896278351
"1067","task08","3dof","Middle Deltoid",78.5472292240411,16.4521976469437,82.0988768363728,3.31244251090468,99.9950484439329
"1068","task08","3dof","Middle Latissimus Dorsi",48.1658978399924,28.6846754353604,47.516912020444,0.0339928609828788,99.9596491693121
"1069","task08","3dof","Middle Pectoralis Major",33.5542205324582,25.5425731743307,27.9071137476196,0.00114083475936666,99.9560501500415
"1070","task08","3dof","Middle Serratus Anterior",50.3762305924075,29.001004141494,50.5103937016663,0.00866006063220959,99.9982180338468
"1071","task08","3dof","Middle Subscapularis",48.8681515238036,27.6346617323026,48.706162901769,0.0143540770062622,99.9980019765958
"1072","task08","3dof","Middle Trapezius, Scapula",49.8873544507466,28.841931177566,49.6692332511448,0.0127894598600853,99.9826834786372
"1073","task08","3dof","Pectoralis Minor",50.3296014309507,28.8524600870102,50.5999891981322,0.0109874889221817,99.9979971919499
"1074","task08","3dof","Posterior Deltoid",63.3468459701552,25.8217684254771,67.9846086480646,0.100857510956665,99.9974587309271
"1075","task08","3dof","Posterior Supraspinatus",52.5134542945478,28.7713246357931,53.6626510210686,0.0320431832204093,99.9898337389063
"1076","task08","3dof","Pronator Quadratus",49.8671473350175,28.7568502197175,49.3735983823193,0.00501218875283982,99.9935656384503
"1077","task08","3dof","Pronator Teres, Humeral",50.3505095707422,28.7709833334099,50.576080791304,0.078790113826871,99.9921690259902
"1078","task08","3dof","Pronator Teres, Ulnar",49.7894808010624,28.6889016219336,50.2508482443568,0.0302277911101712,99.986368550759
"1079","task08","3dof","Superior Infraspinatus",54.6980034716221,27.6376781868099,56.1946194047433,0.000976203202696091,99.9933399275893
"1080","task08","3dof","Superior Latissimus Dorsi",47.666601487442,28.715204484996,46.6499616954528,0.000896340681139085,99.9549048215733
"1081","task08","3dof","Superior Pectoralis Major",37.9979584762689,26.8088732252606,33.2163214840101,0.00253822076299315,99.9479927330937
"1082","task08","3dof","Superior Rhombiod",50.0459107684109,28.8503128191902,49.763257730056,0.00841180552497156,99.9877072400606
"1083","task08","3dof","Superior Serratus Anterior",50.1419933375763,28.8174385836002,50.2965796299935,0.00627550053770021,99.9767540657744
"1084","task08","3dof","Superior Subscapularis",45.7931742949099,28.3259163111151,43.5564460468138,0.0120945527457339,99.9776959284984
"1085","task08","3dof","Superior Trapezius, Scapula",50.1480496796102,28.7094101001388,50.5494569058709,0.00743979529403971,99.9920778797856
"1086","task08","3dof","Supinator",50.0306722172418,28.866868440272,50.3063003856573,0.00675679768682436,99.9864257541527
"1087","task08","3dof","Teres Major",49.279931219218,26.2863997380154,49.0100334732761,0.0350826455760789,99.9819366585141
"1088","task08","3dof","Teres Minor",51.3493311454383,27.8017615872482,51.6286305334743,0.0212937449771911,99.9984305452624
"1089","task08","3dof","Trapezius, Clavicle",50.6849618464933,28.3770474113134,51.2800263927649,0.000820375962068409,99.9930495931094
"1090","task08","3dof","Triceps Lateral Head",50.0317207300247,28.7246619980471,50.0913648515877,0.00127874718882648,99.9998403802911
"1091","task08","3dof","Triceps Long Head",42.0101070960147,25.6115295183979,40.0070894551354,0.022974291220762,99.9326996317677
"1092","task08","3dof","Triceps Medial Head",50.4557681503337,28.9863726428143,50.8068019556904,0.031687893948712,99.98978017043
"1093","task08","5dof","Anconeus",47.5657445609241,28.5703024734012,46.52987632835,0.00372335867177553,99.9889340726419
"1094","task08","5dof","Anterior Deltoid",31.8259611664686,24.4339532464044,26.2137471916611,0.00388163293181254,99.9580947216169
"1095","task08","5dof","Anterior Supraspinatus",48.0436549554266,28.6056481588014,47.121764643776,0.0264235649902855,99.9778062926586
"1096","task08","5dof","Biceps Long Head",53.0583367843948,28.0283760106237,54.3732758407448,0.0342091161130043,99.9877282674077
"1097","task08","5dof","Biceps Short Head",43.1213213473458,25.9109067302611,41.084425482182,0.0146869820204176,99.9694747762279
"1098","task08","5dof","Brachialis",63.2704018932039,25.8448500562819,67.9577358444069,0.0160296570601015,99.9927406452159
"1099","task08","5dof","Brachioradialis",54.9514816501467,28.5641044611957,56.88252791556,0.0468897706036087,99.9907334181017
"1100","task08","5dof","Coracobrachialis",33.9540340888062,25.557918128879,27.9672221117772,0.00138134618137831,99.9357377020108
"1101","task08","5dof","Inferior Infraspinatus",53.2430026125941,27.3011115045023,54.9195517130794,0.0227374408559244,99.9998720929098
"1102","task08","5dof","Inferior Latissimus Dorsi",49.5520692162457,28.7595860434332,49.4827390344651,0.0169417779126046,99.986669071428
"1103","task08","5dof","Inferior Pectoralis Major",17.7122317644235,14.540288241307,14.0032905298621,0.00188648168271688,90.2117054999415
"1104","task08","5dof","Inferior Rhombiod",50.0337335901689,28.7572397293626,49.735794152776,0.000291174389527304,99.9878038340055
"1105","task08","5dof","Inferior Serratus Anterior",49.7715992091302,28.7751255834679,49.8069127755919,0.0144389307938919,99.9894999908059
"1106","task08","5dof","Inferior Subscapularis",48.2471811370026,28.0977127786517,47.3123209948932,0.00381122131323242,99.9849119971125
"1107","task08","5dof","Inferior Trapezius, Scapula",49.5095657374688,28.9902944862418,48.9925035732972,0.00248674753904887,99.9989955351744
"1108","task08","5dof","Levator Scapula",49.8089132016312,28.8407078183574,49.6564608765919,0.0233402775082048,99.9947005664968
"1109","task08","5dof","Middle Deltoid",74.0643318092931,18.0522345525766,77.3564827266199,1.33032160451252,99.9960261048498
"1110","task08","5dof","Middle Latissimus Dorsi",49.0470471925104,28.8552293227359,48.537427241738,0.000281619565734026,99.9995241860952
"1111","task08","5dof","Middle Pectoralis Major",31.8303467255946,24.3508165420958,26.36972529365,0.0179642525500068,99.9454402810492
"1112","task08","5dof","Middle Serratus Anterior",50.1069762795617,28.7095495193629,50.4296945517307,0.00438563072156506,99.9974732435057
"1113","task08","5dof","Middle Subscapularis",44.8975337847248,27.5472207497143,42.9679823034793,0.00843323081571867,99.9682814111505
"1114","task08","5dof","Middle Trapezius, Scapula",49.6910267387621,29.0640149854823,49.7902024209047,0.000842210792934006,99.9909576918271
"1115","task08","5dof","Pectoralis Minor",50.2784155269162,28.9377223736823,50.2326916632033,0.00277783858597669,99.9981387978382
"1116","task08","5dof","Posterior Deltoid",68.9159743689178,23.4830546223064,74.3506890422329,0.0690869531722815,99.9992386478612
"1117","task08","5dof","Posterior Supraspinatus",52.7128961319005,28.9661039472789,54.5561129533493,0.00390865788851835,99.978351675669
"1118","task08","5dof","Pronator Quadratus",54.9528654337589,27.6949981357258,56.9434585977458,0.00934637906778724,99.9860294363287
"1119","task08","5dof","Pronator Teres, Humeral",58.538819475078,27.070985092578,61.8418231936853,0.000145785715766067,99.9802196919388
"1120","task08","5dof","Pronator Teres, Ulnar",51.9834351822035,28.5822196134276,52.892319567325,0.0561578021290421,99.999773780919
"1121","task08","5dof","Superior Infraspinatus",54.7145996445381,27.8029562089951,56.5025236405037,0.0181504919460229,99.9987812898316
"1122","task08","5dof","Superior Latissimus Dorsi",49.0162013242406,28.9848879016607,49.0888151601692,0.00508283395671549,99.9893072507794
"1123","task08","5dof","Superior Pectoralis Major",35.7174434512799,26.4547057858977,30.3869948884957,0.00473604759597124,99.9250946260081
"1124","task08","5dof","Superior Rhombiod",49.8477390314081,29.0527907775981,50.1348216727265,0.056737082038899,99.9835934794043
"1125","task08","5dof","Superior Serratus Anterior",50.1459348623764,29.0701905808961,50.0818238485802,0.00871463359781721,99.9793817237342
"1126","task08","5dof","Superior Subscapularis",44.5994420467373,28.3653887830596,42.2962384998767,0.00535324501736989,99.9939596930182
"1127","task08","5dof","Superior Trapezius, Scapula",50.2884105916216,28.758785103755,50.125370965605,0.00248040666629423,99.9994215490533
"1128","task08","5dof","Supinator",32.3665229203581,19.1782763272996,30.8069084444787,0.0017221740791995,97.8080304126335
"1129","task08","5dof","Teres Major",60.1173001794898,25.0846482455827,63.0095128938473,0.0990970150980486,99.9952104875509
"1130","task08","5dof","Teres Minor",53.8395293618847,27.3597900488691,55.1653675231602,0.00606425099294317,99.9848444968932
"1131","task08","5dof","Trapezius, Clavicle",50.0270260313293,28.5876927570383,50.0272322660282,0.00651175463337039,99.9801589303807
"1132","task08","5dof","Triceps Lateral Head",32.2483005768838,23.905727538277,27.4509159836791,0.00404027809167706,99.8277146156534
"1133","task08","5dof","Triceps Long Head",21.6965982018689,16.3945586812612,18.3328127336622,0.00161280788342211,96.0080643767527
"1134","task08","5dof","Triceps Medial Head",27.5473033389355,21.1666117644293,23.0165226869539,0.00221178043848247,99.9366069917612
"1135","task08","8dof","Anconeus",49.0178515829535,28.8189750576795,48.1321152854748,0.0349008886358082,99.9989393834548
"1136","task08","8dof","Anterior Deltoid",16.8980727781334,12.8030223255995,14.2407283367376,0.00132750855574293,77.1503013261733
"1137","task08","8dof","Anterior Supraspinatus",51.543347351529,28.4005859451848,52.4162871519143,0.0413938721331442,99.9958235950013
"1138","task08","8dof","Biceps Long Head",56.3659964674073,28.0022946628597,59.1481612923256,0.015748903082069,99.9812609832601
"1139","task08","8dof","Biceps Short Head",58.3645261066437,25.5485635873038,60.9021624362989,0.0148119783814571,99.9961275555654
"1140","task08","8dof","Brachialis",60.2237386133179,26.9282855000369,64.1218321636812,0.0529021518458239,99.9939660908699
"1141","task08","8dof","Brachioradialis",53.312362276801,28.7885167425002,54.965517175712,0.00263311776500519,99.9927655608456
"1142","task08","8dof","Coracobrachialis",46.5051766940376,27.8242741524318,45.2939604055873,0.00675223014546811,99.9974124236772
"1143","task08","8dof","Inferior Infraspinatus",42.8272572740689,26.5328293640007,40.1313479662247,0.00637817853401668,99.9652813264738
"1144","task08","8dof","Inferior Latissimus Dorsi",16.4142412229222,15.4154590778595,11.8258231800167,0.000215042359685835,99.2304425790192
"1145","task08","8dof","Inferior Pectoralis Major",3.83978706725074,3.45920128119987,2.86927204189009,0.00132668525597221,25.8699065043596
"1146","task08","8dof","Inferior Rhombiod",3.63839257237269,3.41969924567081,2.64813963827902,0.0012763418108741,25.6279935658028
"1147","task08","8dof","Inferior Serratus Anterior",13.3759807210226,6.4903743911641,13.0966718337748,0.00353938801568587,37.8806050757623
"1148","task08","8dof","Inferior Subscapularis",56.6378348383461,27.3468366095701,58.7459918000854,0.0119440083535038,99.9893627076752
"1149","task08","8dof","Inferior Trapezius, Scapula",12.0859628730772,10.7727782806297,9.12295526810319,0.00415778460732819,85.4115316768747
"1150","task08","8dof","Levator Scapula",4.47598056135936,4.19024921766954,3.25613471114183,0.000171144937658602,36.0151447915969
"1151","task08","8dof","Middle Deltoid",50.2016379952237,21.1411987258896,50.276246665869,0.00199005980335842,99.9036484742339
"1152","task08","8dof","Middle Latissimus Dorsi",13.015115900231,12.0487111658203,9.6134203733773,0.00536061140435917,87.564431332139
"1153","task08","8dof","Middle Pectoralis Major",10.7256761430121,8.86712169746475,8.56111073474305,0.00145206846338536,57.0829992089304
"1154","task08","8dof","Middle Serratus Anterior",10.6475085103943,9.50415294486017,7.87924210487135,0.00109437126754874,66.1963935787416
"1155","task08","8dof","Middle Subscapularis",55.707645515293,27.2681033784543,57.6162134736987,0.0206996557313377,99.9995206122835
"1156","task08","8dof","Middle Trapezius, Scapula",4.12049330470191,3.83265893980813,2.99695529990426,0.0012318505105316,28.972529142023
"1157","task08","8dof","Pectoralis Minor",55.7246463568821,28.069981634318,58.092942824108,0.00779265590525879,99.9876739353158
"1158","task08","8dof","Posterior Deltoid",50.3827779329239,26.016163086848,49.9812791025832,0.031673430232726,99.9765319954189
"1159","task08","8dof","Posterior Supraspinatus",49.0727402069305,28.9464427447536,48.5658660331429,0.000319503387347098,99.970331965717
"1160","task08","8dof","Pronator Quadratus",56.6874137805598,27.0183945685295,59.187712092211,0.000728131685046041,99.9890427308255
"1161","task08","8dof","Pronator Teres, Humeral",59.4394301296454,26.8813308061883,62.8692105733796,0.00989249141525317,99.9940358578242
"1162","task08","8dof","Pronator Teres, Ulnar",52.3915101832538,28.6849003369983,54.1204236781204,0.00483875350372198,99.9975314995358
"1163","task08","8dof","Superior Infraspinatus",44.5708249184233,27.6161671085524,42.0794084795359,0.000580012560702503,99.9979726087716
"1164","task08","8dof","Superior Latissimus Dorsi",17.6945530998005,16.4989890422082,12.6430505800713,0.000374090786572912,97.9118590200041
"1165","task08","8dof","Superior Pectoralis Major",18.6935397672019,13.9335212929585,15.7893986602944,0.00202441821288424,77.0177213090589
"1166","task08","8dof","Superior Rhombiod",2.16925185206465,2.05542781096313,1.54416673837202,4.02498065744938e-05,16.604083068051
"1167","task08","8dof","Superior Serratus Anterior",7.08405998737295,6.50849831855936,5.15954565627348,0.00113192048822736,56.2101776338485
"1168","task08","8dof","Superior Subscapularis",51.669662868387,28.6756060412247,52.4230333652636,0.0460524802230466,99.9914251025736
"1169","task08","8dof","Superior Trapezius, Scapula",1.91081822003608,1.78696535381217,1.3804816382935,0.00017439958895811,12.1149408230907
"1170","task08","8dof","Supinator",28.644272633808,17.9854053460125,26.6693168393528,0.056336340360591,98.9169574451911
"1171","task08","8dof","Teres Major",55.5739129952942,26.2144233695884,57.1269400353522,0.0184492045768092,99.9952021702241
"1172","task08","8dof","Teres Minor",43.3843211856058,27.168204052211,40.8214647299192,0.042191682988113,99.989388646043
"1173","task08","8dof","Trapezius, Clavicle",50.0123274750977,29.0436374319835,50.0593238921017,0.0171211316182085,99.9893468420575
"1174","task08","8dof","Triceps Lateral Head",36.496427246739,25.9724157571023,31.8612658710341,0.00310498347812493,99.9894392106113
"1175","task08","8dof","Triceps Long Head",24.0006891490193,18.0338592095567,20.2424676336363,0.000699680225862975,99.9902099458934
"1176","task08","8dof","Triceps Medial Head",32.6891223294218,23.6990897100648,27.9423917532809,0.0130499763587311,99.9226238947563
"1177","task09","11dof","Anconeus",46.6235403912166,28.8094094530628,44.8399413632028,0.004357763049051,99.9993521170496
"1178","task09","11dof","Anterior Deltoid",41.9944365990865,25.1111755042114,39.936964030138,0.0181792031398065,99.9574168570301
"1179","task09","11dof","Anterior Supraspinatus",51.1727689560921,28.7695835409546,51.5729536514979,0.00588789008323376,99.9899079653149
"1180","task09","11dof","Biceps Long Head",60.1095474859059,26.9652795227681,63.7369441255185,0.0103899873736824,99.9912879908496
"1181","task09","11dof","Biceps Short Head",65.7945887122702,22.9280738657943,69.1337019803244,0.0436520887644898,99.9917702615591
"1182","task09","11dof","Brachialis",67.8370250766862,24.3016404765569,73.1777114031918,0.141090202560934,99.9630285849326
"1183","task09","11dof","Brachioradialis",56.6398086967431,28.2250371724001,59.3745579849952,0.0100910785618469,99.9886515707004
"1184","task09","11dof","Coracobrachialis",47.0734716277351,27.5632912504171,46.076566280269,0.0138532136946257,99.9938398612712
"1185","task09","11dof","Inferior Infraspinatus",37.5334955478952,25.5123801008502,33.6522577059631,0.0152574977639874,99.8949776008085
"1186","task09","11dof","Inferior Latissimus Dorsi",4.48216653364386,4.22721128885676,3.27470398169972,0.000557829191439457,43.962979422432
"1187","task09","11dof","Inferior Pectoralis Major",5.12140058923593,4.11064448172517,4.1595954185567,0.000146243763326365,25.4163601267828
"1188","task09","11dof","Inferior Rhombiod",1.86687738907322,1.77980699306359,1.3109088001195,1.48422912692875e-05,15.8238359184146
"1189","task09","11dof","Inferior Serratus Anterior",2.45067059092292,2.02670946697042,1.93896081101148,2.37149728622016e-05,13.2820205133849
"1190","task09","11dof","Inferior Subscapularis",60.5379398589993,26.7128514623012,64.1649783719864,0.009188844679342,99.9938943285556
"1191","task09","11dof","Inferior Trapezius, Scapula",1.22670348494236,1.15663695905748,0.88150184711072,6.26781121724693e-05,9.67348764672697
"1192","task09","11dof","Levator Scapula",4.65507903333993,4.03325231351715,3.57389816250583,0.00151267581817369,31.4061863655903
"1193","task09","11dof","Middle Deltoid",34.875683803723,18.0009790132154,34.4627626544709,0.0406867702835101,97.4146873011942
"1194","task09","11dof","Middle Latissimus Dorsi",2.78951268627782,2.66856258975499,1.97333944997597,0.00252422787866725,22.6420969248464
"1195","task09","11dof","Middle Pectoralis Major",26.5319363619882,17.0317240526758,24.3095720642759,0.00305412512388026,90.1393127905798
"1196","task09","11dof","Middle Serratus Anterior",27.1188059829091,10.7761977317451,28.1280487664263,0.0409016209216295,54.5845062792451
"1197","task09","11dof","Middle Subscapularis",58.8195703218412,26.8752620622212,62.1173709914927,0.0271730116417457,99.9958730685993
"1198","task09","11dof","Middle Trapezius, Scapula",0.809264476765778,0.758649874829457,0.588203401159795,9.29386803670898e-05,7.64549485237224
"1199","task09","11dof","Pectoralis Minor",17.9654448099822,12.3743758265741,16.1467001008716,0.00367872395920232,84.9983638609967
"1200","task09","11dof","Posterior Deltoid",49.3650399625653,26.2157987295096,49.3887744666086,0.0492592652591162,99.9605271151055
"1201","task09","11dof","Posterior Supraspinatus",48.586730343198,28.6605873752692,47.9812544938696,0.0112420043939854,99.9947567264748
"1202","task09","11dof","Pronator Quadratus",66.9284294417664,23.7588056958641,70.9592468110334,0.100134840998822,99.9954486573265
"1203","task09","11dof","Pronator Teres, Humeral",70.1884909641675,22.6204548048702,75.3547417607473,0.106813048583709,99.994960187556
"1204","task09","11dof","Pronator Teres, Ulnar",54.8172211824503,28.5662962229893,57.0426512839375,0.00774130319900479,99.9978207654837
"1205","task09","11dof","Superior Infraspinatus",39.8468917980565,26.5902533999048,36.5337332424377,0.00407596020296497,99.9801718161534
"1206","task09","11dof","Superior Latissimus Dorsi",3.8764803632423,3.65582892859798,2.8035164182013,0.000769586172071762,31.0069289677264
"1207","task09","11dof","Superior Pectoralis Major",37.4786291312541,24.8255934026205,33.97656032513,0.00324161142528645,99.8775931204715
"1208","task09","11dof","Superior Rhombiod",1.20317540666607,1.11865931892596,0.874512326025538,7.41793119759387e-06,9.0832521749757
"1209","task09","11dof","Superior Serratus Anterior",17.0786193857731,11.1913087424833,15.5883873690455,0.00161550647783948,57.7943439150246
"1210","task09","11dof","Superior Subscapularis",52.7070226746705,28.6675628269338,53.6807170386558,0.00556955401982417,99.9830146805184
"1211","task09","11dof","Superior Trapezius, Scapula",0.582581509497642,0.546202521980575,0.415585790167437,5.52067744259005e-05,4.18733969166772
"1212","task09","11dof","Supinator",17.8555486302556,12.856495703219,15.4617298770077,0.00728535022908872,73.7747332722931
"1213","task09","11dof","Teres Major",61.2428014420238,24.7957026577396,63.9070195659426,0.00619570043314255,99.9995464083231
"1214","task09","11dof","Teres Minor",39.6824994744912,26.0969567649638,35.9451188310051,0.00151637309134256,99.9939235287446
"1215","task09","11dof","Trapezius, Clavicle",14.0031451621962,12.4660192068483,10.6488561985479,0.000202029492982203,91.1174219291166
"1216","task09","11dof","Triceps Lateral Head",27.3683779596756,21.744666046336,22.0875209331935,0.0138849236478833,99.7870934662951
"1217","task09","11dof","Triceps Long Head",16.8613126452561,13.7493417160274,13.5937386687702,0.000537319225230037,91.7626254653896
"1218","task09","11dof","Triceps Medial Head",22.2587895898289,18.2548355042227,17.8250138237291,0.00497611800320819,99.7963368318036
"1219","task09","3dof","Anconeus",49.4075685188628,28.6928844789566,49.1728020885225,0.00453330026828347,99.9861617806609
"1220","task09","3dof","Anterior Deltoid",43.4412966795332,27.3322042701543,40.863009359075,0.00145384631595746,99.9869092766059
"1221","task09","3dof","Anterior Supraspinatus",52.4881581909044,28.6314868911575,53.7609086342184,0.027336532440958,99.9865367261648
"1222","task09","3dof","Biceps Long Head",49.0172884078802,28.6001862067972,48.6011651118267,0.00341997383315196,99.9956940370613
"1223","task09","3dof","Biceps Short Head",41.4361870537652,27.2201063322391,37.868262225575,0.0178119602663507,99.9553640175722
"1224","task09","3dof","Brachialis",50.1278399636058,28.7611344530089,50.2429701246816,0.00716106117650273,99.9835375927783
"1225","task09","3dof","Brachioradialis",49.7174771191079,28.914139401812,49.7152629765175,0.00112920268078853,99.9843668301724
"1226","task09","3dof","Coracobrachialis",41.8286197071038,27.3308806386846,38.6514411840463,0.0062953069389915,99.9529978834106
"1227","task09","3dof","Inferior Infraspinatus",49.2482834077872,27.5371726652175,48.8490219997637,0.00107226056731413,99.9876871155498
"1228","task09","3dof","Inferior Latissimus Dorsi",49.1184584710248,28.268737464058,48.6050624811676,0.0235908516335703,99.9974350822088
"1229","task09","3dof","Inferior Pectoralis Major",29.1980077518982,20.9126736635696,25.1150763206627,0.0167774388901865,99.7542001340737
"1230","task09","3dof","Inferior Rhombiod",50.5607072480824,28.5934505789343,50.8513695403566,0.00535690713883707,99.9770028806585
"1231","task09","3dof","Inferior Serratus Anterior",49.7708249639552,29.1139610719623,49.6553508384204,0.0117656232587526,99.9902840913749
"1232","task09","3dof","Inferior Subscapularis",52.9317824105503,27.4706535600551,54.1576742942857,0.000336064554229409,99.9909506010543
"1233","task09","3dof","Inferior Trapezius, Scapula",49.5527610981823,28.941404377509,49.5640463732696,0.00234238032308376,99.9929604945905
"1234","task09","3dof","Levator Scapula",50.2075922492515,28.7024174507883,50.2632454692699,0.00169801063872321,99.9804555122737
"1235","task09","3dof","Middle Deltoid",71.0400442988524,20.3244199806763,74.6211315831961,0.311249790553458,99.9977483793089
"1236","task09","3dof","Middle Latissimus Dorsi",49.1635679048523,28.7497137509412,48.6793918645663,0.016794113720886,99.9681764790402
"1237","task09","3dof","Middle Pectoralis Major",42.8222218216547,27.8204115976409,40.0120986195765,0.00130645448366828,99.9863769749584
"1238","task09","3dof","Middle Serratus Anterior",50.1287765750009,28.6692747633299,50.1438391520792,0.029340226003105,99.9931555096756
"1239","task09","3dof","Middle Subscapularis",52.2704221514591,28.1651829285492,53.4868250673294,0.000816020118588057,99.9950696216943
"1240","task09","3dof","Middle Trapezius, Scapula",49.8729722009953,28.812809309298,50.0676835848898,0.0103201969680167,99.9867844027753
"1241","task09","3dof","Pectoralis Minor",50.0915066332964,28.9204033730652,49.9113632066964,0.00697470931060318,99.9935942530255
"1242","task09","3dof","Posterior Deltoid",53.8601386424501,27.6052929868506,55.0647552809587,0.00296323352853012,99.9895422660496
"1243","task09","3dof","Posterior Supraspinatus",51.7967735335584,28.6969496328984,52.9183920892003,0.00341579232063793,99.9729177188365
"1244","task09","3dof","Pronator Quadratus",49.9438220212387,28.9884769473446,49.9030462466185,0.0147317520373336,99.9819595433596
"1245","task09","3dof","Pronator Teres, Humeral",49.8657976182107,28.7989076152514,49.9151791479781,0.00481901371154891,99.97981994709
"1246","task09","3dof","Pronator Teres, Ulnar",50.2772423202881,28.5885028198735,50.1957448609939,0.000970316354920175,99.9921575413135
"1247","task09","3dof","Superior Infraspinatus",51.7617616744718,27.9459363740439,52.2272404734845,0.00435384320375265,99.9816970197641
"1248","task09","3dof","Superior Latissimus Dorsi",49.3271178985073,28.5682581537148,48.7489697696736,0.00617977220064292,99.9833409846294
"1249","task09","3dof","Superior Pectoralis Major",45.3377063068441,27.9143578610971,43.2430405497384,0.00317720418824829,99.9700040113792
"1250","task09","3dof","Superior Rhombiod",49.6297985405693,28.7790271718477,49.3499977389339,0.00763336631908751,99.9930336352592
"1251","task09","3dof","Superior Serratus Anterior",49.8578658638169,29.2315493605956,50.0546176066025,0.00405710613995969,99.9817385553192
"1252","task09","3dof","Superior Subscapularis",48.5978662099063,28.5736002858703,48.1379037239265,0.0275996473131701,99.99916512898
"1253","task09","3dof","Superior Trapezius, Scapula",50.8326447950583,29.116687517262,51.1474493299817,0.0144390790049409,99.9831156797298
"1254","task09","3dof","Supinator",49.9295409579558,28.800523629073,50.015421023644,0.00117315106089588,99.9929433362229
"1255","task09","3dof","Teres Major",47.1228513816608,26.5343136374565,46.4119469497571,0.0033911090734029,99.9774111646169
"1256","task09","3dof","Teres Minor",47.7252309003824,27.6764493641351,46.7273391319465,0.0093422194928694,99.9937098858684
"1257","task09","3dof","Trapezius, Clavicle",50.1532564614682,28.8188018050171,50.1411181216885,0.000577495360210012,99.9904513964875
"1258","task09","3dof","Triceps Lateral Head",50.4553086949419,28.8731763860693,50.4003046509922,0.0107451552859628,99.9767687814332
"1259","task09","3dof","Triceps Long Head",41.3128640235082,26.1300540160896,38.5264561710335,0.0105040578714355,99.999680420652
"1260","task09","3dof","Triceps Medial Head",49.7212671914099,28.9288083391379,49.8530144995894,0.00997717443220192,99.9934361623221
"1261","task09","5dof","Anconeus",46.3063083896804,28.6876708498635,44.6304954798776,0.0554435616813953,99.9573966709015
"1262","task09","5dof","Anterior Deltoid",38.3062496176547,26.418037680636,33.8374072960765,0.0140647321731635,99.9193481771039
"1263","task09","5dof","Anterior Supraspinatus",49.1231602390665,28.7167587361642,48.8959546555735,0.0270321483638258,99.9827972039451
"1264","task09","5dof","Biceps Long Head",58.7211720885176,27.3923530417589,62.0549688640501,0.0749221113088394,99.9869569548355
"1265","task09","5dof","Biceps Short Head",58.1820922965547,25.3560771400206,60.7619923113078,0.0887212399483195,99.9942463963283
"1266","task09","5dof","Brachialis",69.6987403111118,23.672579252334,75.653577786771,0.103489951994107,99.9753626955749
"1267","task09","5dof","Brachioradialis",57.9601571314358,28.0954071147894,61.480825556287,0.0179645323115207,99.9956019372522
"1268","task09","5dof","Coracobrachialis",40.0193256764193,27.1367515307201,36.2950530427137,0.000894434705522862,99.9772619855212
"1269","task09","5dof","Inferior Infraspinatus",49.5152853514977,27.4334501183381,49.5982399043108,0.0303232579989654,99.990310547566
"1270","task09","5dof","Inferior Latissimus Dorsi",50.7391410369076,28.7853585256756,51.3968751256574,0.054586610206131,99.9895986425271
"1271","task09","5dof","Inferior Pectoralis Major",26.9501139949594,19.7002301585289,22.999215396521,0.00927244760210999,99.68033075962
"1272","task09","5dof","Inferior Rhombiod",50.300206299776,28.7047657775975,50.5544271788905,0.000398036799192925,99.987364627448
"1273","task09","5dof","Inferior Serratus Anterior",50.0862939427674,28.9379901940889,49.5798398859776,0.000486266437238481,99.9557306350074
"1274","task09","5dof","Inferior Subscapularis",51.1206483920806,27.772025788367,51.6960416006917,0.00429809141661019,99.995748889329
"1275","task09","5dof","Inferior Trapezius, Scapula",49.1938334122817,28.9534575056991,48.9092842338644,0.00127778463026584,99.9582251338139
"1276","task09","5dof","Levator Scapula",50.1572110811854,28.893889267217,50.6346268541636,0.00425922274864265,99.9952890491044
"1277","task09","5dof","Middle Deltoid",63.2404163007173,21.7326931681137,65.315227202919,0.188844493484042,99.9755934799659
"1278","task09","5dof","Middle Latissimus Dorsi",50.1846214067205,28.6243210495307,50.2108169522424,0.026748898378004,99.9897105727571
"1279","task09","5dof","Middle Pectoralis Major",39.4129958850769,26.8274515195875,35.2733003866368,0.00772859771002721,99.9384159957897
"1280","task09","5dof","Middle Serratus Anterior",50.0066783094833,28.8112661266556,49.807964924795,0.00627229218960745,99.9992454560134
"1281","task09","5dof","Middle Subscapularis",48.5888559056095,28.0411977543186,48.0293768041024,0.0140653423933434,99.9978884764449
"1282","task09","5dof","Middle Trapezius, Scapula",50.0901160051542,28.8406544565008,50.1267370214247,0.0130737382862733,99.9944817374823
"1283","task09","5dof","Pectoralis Minor",50.3539010897866,28.8736969574949,50.4713191525425,0.0359234345726434,99.9957889480631
"1284","task09","5dof","Posterior Deltoid",61.9000205573333,26.0438950753348,66.0220236438523,0.0405472065364676,99.9932049153759
"1285","task09","5dof","Posterior Supraspinatus",51.2294347825821,29.0449375894735,51.8474891413481,0.0026777623966856,99.994776279164
"1286","task09","5dof","Pronator Quadratus",64.827335454342,24.846788740503,69.0751196502846,0.00323862833461197,99.996257694321
"1287","task09","5dof","Pronator Teres, Humeral",69.4879735094452,23.1950408526003,74.5176670946845,0.00201135989393864,99.9980684582133
"1288","task09","5dof","Pronator Teres, Ulnar",54.7235074258242,28.4127064324948,57.1666413585317,0.0285880695881868,99.9952263830041
"1289","task09","5dof","Superior Infraspinatus",50.6120711866103,28.1593248799237,51.0788089940126,0.0078372157147788,99.9998929464319
"1290","task09","5dof","Superior Latissimus Dorsi",50.4246378548661,29.0330845119505,50.976036688157,0.00637030696235552,99.9948313243203
"1291","task09","5dof","Superior Pectoralis Major",41.9272107494717,27.8772991570911,38.2098876525019,0.0189583165295215,99.9502465320329
"1292","task09","5dof","Superior Rhombiod",49.7565255199889,28.9237350554191,49.5078768922539,0.0379150535450457,99.9939879327738
"1293","task09","5dof","Superior Serratus Anterior",50.0981812035735,28.9757125872619,49.9516769246104,0.00852257530620792,99.995698027924
"1294","task09","5dof","Superior Subscapularis",47.5971237755363,28.6064637013644,46.4483823999034,0.000648979407325001,99.9834234469052
"1295","task09","5dof","Superior Trapezius, Scapula",49.8803717721162,28.7851899433422,49.9953354381731,0.0569646619589304,99.956259120219
"1296","task09","5dof","Supinator",18.9296501441209,13.5374085753308,16.5841736896172,0.00333299270770804,83.501863291325
"1297","task09","5dof","Teres Major",58.6440561496253,25.7954736965005,60.982177514812,0.0314571706966138,99.9737195381159
"1298","task09","5dof","Teres Minor",50.7051126389931,27.4842397494685,51.2390048379425,0.00623279607717686,99.9988402886072
"1299","task09","5dof","Trapezius, Clavicle",49.6410636131073,28.9644289620825,49.6750231717907,0.00647562201036012,99.9993730337889
"1300","task09","5dof","Triceps Lateral Head",24.9341998779497,20.4249317262913,19.7433785003514,0.00177053524398618,99.8737451916599
"1301","task09","5dof","Triceps Long Head",15.8120399070726,12.8502046709073,12.6396731906204,0.00056699684113648,80.4632643990529
"1302","task09","5dof","Triceps Medial Head",20.1613226779991,16.922074355485,15.8112205951621,0.000861165697121913,99.1938705582921
"1303","task09","8dof","Anconeus",47.1515247953782,28.8924804025146,45.805966704186,0.0190308504962655,99.9956149438529
"1304","task09","8dof","Anterior Deltoid",43.1545408055467,25.6555186252282,41.1441337270476,0.0112235152938622,99.9422351373737
"1305","task09","8dof","Anterior Supraspinatus",51.019234182057,28.4262512854417,51.455728423901,0.0101675465606466,99.9991426644517
"1306","task09","8dof","Biceps Long Head",60.1856080293562,27.199129567348,64.3115651124591,0.00825181213331971,99.9772651365828
"1307","task09","8dof","Biceps Short Head",65.8925124817813,23.1515856479955,69.6436798863492,0.0421161872118603,99.9869813883295
"1308","task09","8dof","Brachialis",67.5534577205452,24.4432856150527,72.7392210801084,0.039983205903904,99.9950728575954
"1309","task09","8dof","Brachioradialis",56.926808576937,28.1354390171933,60.167831606766,0.0217747649876809,99.9936552385442
"1310","task09","8dof","Coracobrachialis",47.1196338253494,27.4143724598987,46.360118445989,0.0223728524198497,99.97848608331
"1311","task09","8dof","Inferior Infraspinatus",38.070124314677,25.7161357417727,33.8870438583056,0.00749132958365872,99.9992645198969
"1312","task09","8dof","Inferior Latissimus Dorsi",13.0856681455886,11.9989574950651,9.4915717705712,0.000588332520268242,94.1316091268196
"1313","task09","8dof","Inferior Pectoralis Major",4.62085958433613,4.19128778223542,3.47257127702927,0.00106207429008756,30.0168190137716
"1314","task09","8dof","Inferior Rhombiod",2.65139376339206,2.49272295180666,1.91540715071199,0.000156546920338299,20.859032315856
"1315","task09","8dof","Inferior Serratus Anterior",9.8727478585468,5.04416547090761,9.60452169745568,0.00130640767628254,30.9640539060459
"1316","task09","8dof","Inferior Subscapularis",60.1581117280146,26.5041328985441,63.5840658404017,0.0523756778909368,99.9899645560334
"1317","task09","8dof","Inferior Trapezius, Scapula",7.69886467548606,7.15470803631572,5.62094840256891,0.000449599022386837,54.3602844200314
"1318","task09","8dof","Levator Scapula",3.17877185103087,3.02322165501659,2.286600978234,0.000502851735703636,22.66295942958
"1319","task09","8dof","Middle Deltoid",35.8210487268666,18.3375382670873,35.2326308092046,0.00544576748888748,98.0285767624029
"1320","task09","8dof","Middle Latissimus Dorsi",10.2776768856876,9.66671523339513,7.49037832968909,0.00230480672403083,78.7467068755465
"1321","task09","8dof","Middle Pectoralis Major",18.5899786547174,15.4033192669325,14.7716602625249,0.000257386971067031,94.571062598578
"1322","task09","8dof","Middle Serratus Anterior",7.6290275986423,6.80915879395431,5.75004285159156,0.00251583151484186,46.8309374177163
"1323","task09","8dof","Middle Subscapularis",57.4455106400129,27.001133908122,60.1250335123907,0.0199806141463976,99.9755438663841
"1324","task09","8dof","Middle Trapezius, Scapula",2.75461147682613,2.6063294268762,1.97681497931506,0.000106796840121728,24.7458493462303
"1325","task09","8dof","Pectoralis Minor",49.9722308497424,28.5594931866098,50.018612041374,0.00897539851617002,99.9810990208785
"1326","task09","8dof","Posterior Deltoid",49.7998903277353,26.150386235073,49.4927216835677,0.014777070832861,99.9314836075381
"1327","task09","8dof","Posterior Supraspinatus",48.5755702933372,28.7983530550405,48.2313181586519,0.00395102985175644,99.9947199380445
"1328","task09","8dof","Pronator Quadratus",66.8600589164106,23.8336271012775,71.3969927015955,0.0282802218736888,99.9953512981741
"1329","task09","8dof","Pronator Teres, Humeral",69.8887434181139,22.8673111416877,74.6008327003654,0.0517576506485762,99.9957359933817
"1330","task09","8dof","Pronator Teres, Ulnar",54.3967541174996,28.7161361487678,56.5823368374804,0.0309720985530837,99.9979828354275
"1331","task09","8dof","Superior Infraspinatus",41.150020379556,26.8588464017559,37.7089614909392,0.00667452049450956,99.9827813517898
"1332","task09","8dof","Superior Latissimus Dorsi",14.1684985799309,13.1938401558586,10.3398930429292,0.00453691380217502,98.7410233707737
"1333","task09","8dof","Superior Pectoralis Major",47.0643395486938,26.8742538112309,45.7945340393666,0.00829138956895958,99.9662609866747
"1334","task09","8dof","Superior Rhombiod",1.61687099663718,1.52964602070091,1.1624529884698,3.65734940374618e-05,12.4849494210542
"1335","task09","8dof","Superior Serratus Anterior",4.59428330857464,4.33983004727275,3.3145265301691,0.00101578583780806,36.7002036562385
"1336","task09","8dof","Superior Subscapularis",52.6028895516079,28.7917189795136,54.4235162758208,0.00472220176217508,99.9920118953105
"1337","task09","8dof","Superior Trapezius, Scapula",1.31775060956291,1.23661120017412,0.956879523283345,0.000476591382589375,9.7234380524521
"1338","task09","8dof","Supinator",17.6684959196468,12.8060713172662,15.1946742121808,0.00341753294447744,71.6633697424569
"1339","task09","8dof","Teres Major",59.5509895321754,24.9376371452667,61.5723801307812,0.00728487044826531,99.993630665596
"1340","task09","8dof","Teres Minor",40.2203207007332,26.2772628930627,36.7858813832865,0.0173643748393959,99.9931698271469
"1341","task09","8dof","Trapezius, Clavicle",50.1297069733535,28.6770024737777,50.5586539077521,0.0131955732732891,99.9965861826815
"1342","task09","8dof","Triceps Lateral Head",27.7413841963893,21.9421668086237,22.4620313835382,0.0188534850418642,99.9850262006675
"1343","task09","8dof","Triceps Long Head",16.7930867210845,13.6136707711249,13.6039095258351,0.000708918455272212,94.9647668117122
"1344","task09","8dof","Triceps Medial Head",21.9383463690511,18.100222718079,17.4917899926504,0.000290148219922459,99.8557836826995
"1345","task10","3dof","Anconeus",49.611195029295,28.8779198998112,49.6346367442183,0.0035004938066574,99.9999036689939
"1346","task10","3dof","Anterior Deltoid",55.480253058237,27.7101810735535,57.6428882736977,0.0399912375288025,99.9981175528524
"1347","task10","3dof","Anterior Supraspinatus",53.5909367980183,28.8368827651587,55.0769918121689,0.00219320756291719,99.9932754278537
"1348","task10","3dof","Biceps Long Head",52.5651502148185,28.6042153371204,53.6828691819704,0.012081968438804,99.9975266406354
"1349","task10","3dof","Biceps Short Head",53.087513541721,27.6935077532694,54.3426584329913,0.0789732467751381,99.9889694319413
"1350","task10","3dof","Brachialis",50.1041491384949,28.9132185607586,50.394843975128,0.00429010657414519,99.9873762139854
"1351","task10","3dof","Brachioradialis",50.0242135626641,28.6089314702104,49.9418034441142,0.000864144413897927,99.9852241894351
"1352","task10","3dof","Coracobrachialis",50.8510673490234,27.9944731189918,51.6012651602663,0.014850445804504,99.9892956732481
"1353","task10","3dof","Inferior Infraspinatus",44.5536456072418,27.1380272766433,43.0059254891857,0.00256433310517057,99.9845689206337
"1354","task10","3dof","Inferior Latissimus Dorsi",49.9176832981419,28.8148642482397,49.6906066656514,0.0082799325230476,99.9888934576734
"1355","task10","3dof","Inferior Pectoralis Major",57.6809432774632,25.0597195339192,59.8583166131503,0.00588258442797418,99.9978979339288
"1356","task10","3dof","Inferior Rhombiod",49.8205568533598,28.6768916274719,49.5635020187096,0.00269265951415854,99.9936699589408
"1357","task10","3dof","Inferior Serratus Anterior",50.4304812788432,28.9208025568822,50.5153787817492,0.0068444491571229,99.9882003798514
"1358","task10","3dof","Inferior Subscapularis",56.4013957707278,27.4400286737979,59.4302128387418,0.000209674532636317,99.9891520600278
"1359","task10","3dof","Inferior Trapezius, Scapula",50.1523203301224,28.7630034159377,50.3184385192746,0.00318151869792005,99.9847273412354
"1360","task10","3dof","Levator Scapula",50.0253718045977,29.1769848301522,49.8338395178009,0.000404960310157465,99.9715366827233
"1361","task10","3dof","Middle Deltoid",61.590053115846,23.6697226970291,64.1099630360643,0.375840274714367,99.9932614595359
"1362","task10","3dof","Middle Latissimus Dorsi",50.5246999741291,28.6803567036404,50.6530957279189,0.0128085086251506,99.9791930964011
"1363","task10","3dof","Middle Pectoralis Major",54.4742868645134,28.0806012945366,56.4938529289269,0.000118827699446822,99.9942247875101
"1364","task10","3dof","Middle Serratus Anterior",50.2283770317536,28.8253337888848,50.6849755233614,0.00468457258541721,99.9962345093834
"1365","task10","3dof","Middle Subscapularis",57.9630047074253,27.1478382830521,60.9868405881301,0.0851658467245997,99.9995949827291
"1366","task10","3dof","Middle Trapezius, Scapula",49.8607289515797,28.6848905284482,49.7101343084811,0.0196113461294334,99.983561172339
"1367","task10","3dof","Pectoralis Minor",50.1602245099142,28.8192350744998,50.8507948724493,0.00384776974287626,99.9965930612372
"1368","task10","3dof","Posterior Deltoid",41.5597291086316,27.3414183390398,38.1609829081105,0.0293119991423119,99.9975968512506
"1369","task10","3dof","Posterior Supraspinatus",49.8610825497578,28.6862582352974,50.0030121187497,0.028527195764072,99.9744587387878
"1370","task10","3dof","Pronator Quadratus",49.9378595574613,28.890479509694,49.555098790524,0.0425471695388591,99.9951258686924
"1371","task10","3dof","Pronator Teres, Humeral",50.5395532859304,28.8227351415015,50.9541162771561,0.0113947790233049,99.9978300243729
"1372","task10","3dof","Pronator Teres, Ulnar",49.6463979711405,28.7691470577274,49.597335148531,0.00253075860734975,99.9928608824427
"1373","task10","3dof","Superior Infraspinatus",46.0575350253886,27.8729417318271,44.6137213747458,0.00101057741300759,99.9621245633142
"1374","task10","3dof","Superior Latissimus Dorsi",50.0559593857383,28.8034778807455,49.898243019286,0.0094218771593324,99.9839840149296
"1375","task10","3dof","Superior Pectoralis Major",54.3339927774609,28.3444628061482,56.7905646210389,0.0014271131944299,99.9752393890817
"1376","task10","3dof","Superior Rhombiod",49.5847096469593,28.7923422624633,49.4849858697299,0.0190408322405466,99.9858761818026
"1377","task10","3dof","Superior Serratus Anterior",50.0044988223505,28.971324174351,50.5560130580225,0.0132507901558665,99.9769409611401
"1378","task10","3dof","Superior Subscapularis",52.4787512104121,28.6652100638461,53.5734676039679,0.0492678750265152,99.9967843601203
"1379","task10","3dof","Superior Trapezius, Scapula",50.1352526464667,28.8520955606779,49.8066368710236,0.0144543860608748,99.9925325662608
"1380","task10","3dof","Supinator",49.835415413917,28.8679618513453,49.6113537353565,0.0306768444073513,99.9955787622079
"1381","task10","3dof","Teres Major",42.3820313806208,26.4625944292162,39.8858283785122,0.0340484018613529,99.9136511742614
"1382","task10","3dof","Teres Minor",43.1411237872478,27.0193397783945,40.6607596566744,0.00713508788263706,99.9994019406307
"1383","task10","3dof","Trapezius, Clavicle",50.5189995153,28.4603077497652,50.1491488981684,0.0180497835935156,99.9917396318728
"1384","task10","3dof","Triceps Lateral Head",49.9379571005357,28.7118545495817,50.403451813787,0.00237607068023227,99.9922824685566
"1385","task10","3dof","Triceps Long Head",38.3676930691192,25.4601788209487,34.8746976807508,0.00640036565168201,99.9838671305243
"1386","task10","3dof","Triceps Medial Head",50.1024787482094,29.0222548484337,49.9390592178674,0.0202963952014246,99.9965898106163
"1387","task10","5dof","Anconeus",42.3611481747711,28.0865944389877,39.0178523162985,0.0180115284094062,99.9721973708258
"1388","task10","5dof","Anterior Deltoid",47.7349595612958,28.0554913138734,46.766567858917,0.0161125342162727,99.9523592252915
"1389","task10","5dof","Anterior Supraspinatus",50.302621462569,28.5170666641226,50.1826582539058,0.00293544230235421,99.9807032009453
"1390","task10","5dof","Biceps Long Head",70.1459767633327,21.9313622299011,74.3199231910143,0.0576693369062742,99.9817019062515
"1391","task10","5dof","Biceps Short Head",79.713189515189,14.7802306010952,82.712255347799,15.855693683626,99.9951049810037
"1392","task10","5dof","Brachialis",84.7427234753063,13.4860516623953,88.5274429331159,12.4671177568382,99.9996136631502
"1393","task10","5dof","Brachioradialis",68.5215849676457,24.6544690044723,74.1541583722629,0.162681597256664,99.9951426912381
"1394","task10","5dof","Coracobrachialis",47.3805875933497,28.126630945777,45.8642634750934,0.000210057637195504,99.9886947224816
"1395","task10","5dof","Inferior Infraspinatus",43.8186708554878,26.90887720985,41.4238979445613,0.00673853902242172,99.9661693734401
"1396","task10","5dof","Inferior Latissimus Dorsi",51.3542417365964,28.4854800207617,52.0336971272965,0.0335002821320818,99.9863435058672
"1397","task10","5dof","Inferior Pectoralis Major",51.0493579720056,25.5431510384936,51.1998002467746,0.00469336192110426,99.979867405756
"1398","task10","5dof","Inferior Rhombiod",50.102681996263,28.6683966383483,49.9482404377138,0.00585188711229034,99.9840832895424
"1399","task10","5dof","Inferior Serratus Anterior",50.0523040018817,29.0733556499694,49.8144335525823,0.00676158003993232,99.9965709420067
"1400","task10","5dof","Inferior Subscapularis",54.7458254434314,27.7537030394381,56.5488394022855,0.00753679454812417,99.9999757771592
"1401","task10","5dof","Inferior Trapezius, Scapula",49.4773675555447,28.734151187251,49.3556081591956,0.000764480400949896,99.9628170656649
"1402","task10","5dof","Levator Scapula",49.6423121518374,28.9869000497279,49.4497188788072,0.00521843481270934,99.966045577635
"1403","task10","5dof","Middle Deltoid",48.9531826361535,23.9236800203883,48.8564216606872,0.0943529783057007,99.9513679984562
"1404","task10","5dof","Middle Latissimus Dorsi",51.7580200571495,28.9302983000515,52.5918743157437,0.00745463442495264,99.9840253949279
"1405","task10","5dof","Middle Pectoralis Major",49.7807522421909,28.2023901818911,49.9817070758541,0.00837244404057191,99.9916465046587
"1406","task10","5dof","Middle Serratus Anterior",49.9447159202616,28.8557144853817,49.6979278640533,0.0149303904209197,99.9804670509708
"1407","task10","5dof","Middle Subscapularis",53.921333198195,27.7879932533353,56.021179414506,0.0393886319540071,99.9863942292567
"1408","task10","5dof","Middle Trapezius, Scapula",49.6723821892572,28.9486216825826,49.4980093335097,0.0175390332518677,99.989437886701
"1409","task10","5dof","Pectoralis Minor",50.1744038324327,28.807888419241,50.4414667843839,0.0464963610312064,99.9787713144436
"1410","task10","5dof","Posterior Deltoid",51.4135887954424,27.7205988653847,52.0831598491945,0.0232096968158735,99.9913320197632
"1411","task10","5dof","Posterior Supraspinatus",49.2266842991192,28.8180530927236,48.5766034191647,0.000376046059169521,99.9658053883036
"1412","task10","5dof","Pronator Quadratus",88.005786079996,10.0472583498472,90.5280237438239,34.4628670104654,99.9995003429423
"1413","task10","5dof","Pronator Teres, Humeral",89.6596897255894,8.92651943510555,91.9597558429497,41.0833515163453,99.9992154166103
"1414","task10","5dof","Pronator Teres, Ulnar",67.0339607284884,25.3167825300098,73.0287607471803,0.104474408554034,99.993946519161
"1415","task10","5dof","Superior Infraspinatus",46.0897032877424,28.017383873431,44.2906533137938,0.00795347353107489,99.9993080605239
"1416","task10","5dof","Superior Latissimus Dorsi",51.1642323646987,29.0690776998029,51.9116926011231,0.000509511404844787,99.9952900570117
"1417","task10","5dof","Superior Pectoralis Major",49.542488437835,28.5738534631741,49.5822559673528,0.0195448242747642,99.9956719669986
"1418","task10","5dof","Superior Rhombiod",49.6000748318774,28.8838785397484,48.893984561348,0.0316891985677192,99.994828467481
"1419","task10","5dof","Superior Serratus Anterior",49.9694262921706,28.9286584582457,49.9111728494792,0.000972260861270557,99.9917034344429
"1420","task10","5dof","Superior Subscapularis",50.8060663300096,28.9716822577289,51.4092420046409,0.0186517828071997,99.9991074434991
"1421","task10","5dof","Superior Trapezius, Scapula",50.4480688341157,28.9105965052837,50.5774864053971,0.00125397747461897,99.9905545537473
"1422","task10","5dof","Supinator",6.13998844358474,5.20091290527415,4.72575373822767,0.00124612830087051,37.0104501030507
"1423","task10","5dof","Teres Major",56.0940671669762,26.5260796671111,58.2507561569238,0.123237636864371,99.9820500329667
"1424","task10","5dof","Teres Minor",44.7219243490247,27.40024332241,42.459744644389,0.00879213458578887,99.9990543600035
"1425","task10","5dof","Trapezius, Clavicle",49.8644416058149,29.0785354856275,50.1317134377165,0.0199424040305374,99.994547067054
"1426","task10","5dof","Triceps Lateral Head",11.9581237091719,10.6697968543602,8.90615857697671,0.00203911215551356,71.4659607168739
"1427","task10","5dof","Triceps Long Head",7.2239174769087,6.35459615605726,5.47328618976553,0.00300605893264749,45.0025885110934
"1428","task10","5dof","Triceps Medial Head",9.48720914629512,8.41888024875412,7.15331183964266,0.000194189480816342,61.0508063271421
"1429","task10","8dof","Anconeus",43.3120264005385,28.1577952830359,40.6181482636831,0.00823014471788008,99.9872859613626
"1430","task10","8dof","Anterior Deltoid",88.3182401213585,10.6070056218837,91.2786381636246,18.5994328570677,99.9955465843286
"1431","task10","8dof","Anterior Supraspinatus",49.7024502830169,28.5635109402731,49.917463816072,0.0123392306935144,99.9917806330963
"1432","task10","8dof","Biceps Long Head",69.4783518518463,22.3404124532717,73.727287118368,0.178234820548384,99.9991875091892
"1433","task10","8dof","Biceps Short Head",81.2638312830306,13.8528391105076,83.984453360863,17.0032700483251,99.9967185927054
"1434","task10","8dof","Brachialis",84.6632404128508,13.7378857952555,88.5882526077059,8.52831257761548,99.9991589171058
"1435","task10","8dof","Brachioradialis",67.8805959368636,25.1797796619909,73.923528837523,0.00725847532885293,99.9973729351046
"1436","task10","8dof","Coracobrachialis",49.9295088300118,26.4904437113932,49.4970683891063,0.00503186383122856,99.9935316817566
"1437","task10","8dof","Inferior Infraspinatus",30.880334508829,23.1263784830325,25.8846976729586,0.00115758983710856,99.9242469483798
"1438","task10","8dof","Inferior Latissimus Dorsi",5.19068828986825,4.84494952193724,3.87355895540411,3.35046349969614e-05,44.0211297084879
"1439","task10","8dof","Inferior Pectoralis Major",3.27728532318832,3.02017000212333,2.41064760473464,3.60669898231969e-05,20.1705879918194
"1440","task10","8dof","Inferior Rhombiod",0.956317084174459,0.910105179294246,0.685475189230891,0.000203990548574944,7.01039623303845
"1441","task10","8dof","Inferior Serratus Anterior",2.88643387058598,1.77352663371351,2.68158771596007,0.00010860639019436,10.4740656800838
"1442","task10","8dof","Inferior Subscapularis",63.3601147620069,25.7346080707505,67.6929041694848,0.0127596067685753,99.9988436630655
"1443","task10","8dof","Inferior Trapezius, Scapula",2.41029398688049,2.21612147777817,1.76506198556,0.00066410091018286,16.2183604701867
"1444","task10","8dof","Levator Scapula",1.12946303811147,1.08319003064285,0.797609127574123,3.82874065693248e-05,9.15187490452052
"1445","task10","8dof","Middle Deltoid",18.0865045881381,11.6084897077058,16.8432459793805,0.00945793075514123,64.5211099840436
"1446","task10","8dof","Middle Latissimus Dorsi",4.12554695937645,3.758575178578,3.09631343007596,0.000820710670763197,29.2887178709585
"1447","task10","8dof","Middle Pectoralis Major",43.2535698595104,14.1868920480857,42.210391009285,0.283406473487391,99.2320682449934
"1448","task10","8dof","Middle Serratus Anterior",2.48326348020134,2.22320349983503,1.8447488351307,0.000200116202427394,15.6558148307548
"1449","task10","8dof","Middle Subscapularis",60.6096904924954,26.2908835425792,63.9741805896813,0.0446469509877256,99.9875317009369
"1450","task10","8dof","Middle Trapezius, Scapula",0.942890639614555,0.898591099487066,0.672890995564603,0.000405637436314346,7.48869547708259
"1451","task10","8dof","Pectoralis Minor",32.049868443574,24.9881890119985,26.3473516590435,0.000227800957786073,99.9708137152366
"1452","task10","8dof","Posterior Deltoid",47.957582236494,24.7853803706238,47.4150770074758,0.07744515083149,99.9823669852132
"1453","task10","8dof","Posterior Supraspinatus",45.7537075161635,28.6178628339041,43.991421055659,0.0180158438826405,99.95246234072
"1454","task10","8dof","Pronator Quadratus",88.3010326598418,9.86700468731657,90.804913659177,28.4122802056394,99.9998495977037
"1455","task10","8dof","Pronator Teres, Humeral",89.6187875681339,9.09736863927232,92.1098590849145,36.8185819827321,99.9998847573001
"1456","task10","8dof","Pronator Teres, Ulnar",67.4547320792257,24.9808813716135,73.2064969972536,0.0348263574974861,99.9920808537474
"1457","task10","8dof","Superior Infraspinatus",33.6659434654869,24.7991140640903,28.498205242333,0.00744231516813243,99.8862007171018
"1458","task10","8dof","Superior Latissimus Dorsi",5.85325096051864,5.40840188246621,4.27643097142498,0.000105007076728336,39.6720454837138
"1459","task10","8dof","Superior Pectoralis Major",88.2409368986441,10.7095183857037,91.3273136475111,24.4092964943654,99.9998856854708
"1460","task10","8dof","Superior Rhombiod",0.568278221605521,0.531459700498465,0.413152601384623,2.07429404328399e-05,4.12416617309522
"1461","task10","8dof","Superior Serratus Anterior",1.51113928461698,1.43919386707359,1.08746840338897,5.40576616981855e-05,10.8820574580207
"1462","task10","8dof","Superior Subscapularis",55.3697928066373,28.2840473573815,58.0077013278845,0.00919761049947843,99.9929248693987
"1463","task10","8dof","Superior Trapezius, Scapula",0.453115663637155,0.427399538834312,0.323943043845017,0.000200045184835154,3.4709024192578
"1464","task10","8dof","Supinator",6.07476243514351,5.1190867621888,4.7249245430282,0.000231828716834581,35.1012230854467
"1465","task10","8dof","Teres Major",73.3031411393441,18.2320476938651,76.1570955302205,1.15220664600983,99.9993586606519
"1466","task10","8dof","Teres Minor",36.427673746614,25.4531513803084,32.1239157408971,0.000732965051913892,99.9890725324341
"1467","task10","8dof","Trapezius, Clavicle",50.1649333644865,28.8572072599747,50.506122024391,0.0154143937262596,99.9491510932675
"1468","task10","8dof","Triceps Lateral Head",11.9314219641807,10.4752988936946,8.90436639273747,0.000182299100862093,76.3961738698218
"1469","task10","8dof","Triceps Long Head",7.6215970615336,6.60999167117736,5.79235636220336,0.00119703637855295,46.4581412101917
"1470","task10","8dof","Triceps Medial Head",9.53664961659506,8.36434709675468,7.21374702480818,3.6881762384422e-05,57.4988673153688
"1471","task11","11dof","Anconeus",49.4479213630545,28.8420742887557,49.0690648328708,0.00321911284925647,99.9914898976739
"1472","task11","11dof","Anterior Deltoid",1.60727889994413,1.50799421041765,1.15976107694268,0.00021040042181876,11.9760089270736
"1473","task11","11dof","Anterior Supraspinatus",50.6466054708123,28.6086380482799,51.3085924645189,0.0151896026381104,99.9917842608954
"1474","task11","11dof","Biceps Long Head",50.9887430761046,28.4202095798347,51.4746438519564,0.0186100510597975,99.9967339397225
"1475","task11","11dof","Biceps Short Head",40.391254335924,25.0838153793673,38.0005339399038,0.00839353336367643,99.9181673923869
"1476","task11","11dof","Brachialis",53.4496218359754,28.3097149293647,54.8633746257257,0.0282360770042622,99.9973868752496
"1477","task11","11dof","Brachioradialis",50.9089004216194,28.5796259297099,51.3474331927323,0.0308644993970209,99.9840770265617
"1478","task11","11dof","Coracobrachialis",38.1881509798317,26.0162019294908,34.3956800680841,0.00371062253542997,99.9887724351727
"1479","task11","11dof","Inferior Infraspinatus",47.3960702356428,26.9824054144732,46.6358197733433,0.00458998229887486,99.9930571217979
"1480","task11","11dof","Inferior Latissimus Dorsi",2.26903945665284,2.15109586730188,1.61466756489209,0.000144790496836231,18.2202657815491
"1481","task11","11dof","Inferior Pectoralis Major",0.417008225603529,0.398430196995574,0.297016857274975,4.9717630951681e-05,2.93894458088322
"1482","task11","11dof","Inferior Rhombiod",1.73234687660761,1.6139697990713,1.25437625209886,0.000231074931825864,13.4180177842203
"1483","task11","11dof","Inferior Serratus Anterior",5.6295413832604,2.96691667223439,5.61971474916887,0.00624247192876903,15.5600053776951
"1484","task11","11dof","Inferior Subscapularis",55.1985897481165,27.1435814316519,57.138613462892,0.0202635691062381,99.9384481760907
"1485","task11","11dof","Inferior Trapezius, Scapula",9.52933827728032,6.69917733011452,8.38440014659921,0.00575928600365511,37.298864726943
"1486","task11","11dof","Levator Scapula",3.15188678551318,2.9395264582345,2.29620731270632,2.51013733416905e-05,24.8845923502184
"1487","task11","11dof","Middle Deltoid",68.9874853311213,18.9539619472398,70.9516261967084,0.305792945691985,99.9964227516688
"1488","task11","11dof","Middle Latissimus Dorsi",1.94920102687073,1.83817808324897,1.40806644238293,0.000280180458582177,13.7685992926904
"1489","task11","11dof","Middle Pectoralis Major",1.03171606851365,0.978495552868498,0.742265868860972,0.000150410299645624,7.89714663062214
"1490","task11","11dof","Middle Serratus Anterior",9.81164467028084,6.94914606009656,8.5836196755771,0.0029758564368973,36.9541896952764
"1491","task11","11dof","Middle Subscapularis",52.7807756756441,27.7605027409721,53.9151141531043,0.000734191376783322,99.9980611616939
"1492","task11","11dof","Middle Trapezius, Scapula",5.14682152332149,4.37447569084527,3.98749218273785,0.000884995844103315,32.6131331907651
"1493","task11","11dof","Pectoralis Minor",12.2876015375357,9.06265826764277,10.5493966217844,0.00314847584204081,55.4978361191417
"1494","task11","11dof","Posterior Deltoid",61.4399998038077,25.032144314706,64.6958289702891,0.074936646781909,99.99361850986
"1495","task11","11dof","Posterior Supraspinatus",50.5184000791814,29.1695163671534,50.8231562504821,0.0162240308948181,99.9928665931001
"1496","task11","11dof","Pronator Quadratus",49.6906059749089,28.614105944074,49.7337989738635,0.0212920075563394,99.9994303550718
"1497","task11","11dof","Pronator Teres, Humeral",51.0197954280235,28.2995878985668,51.4750035854224,0.0408332207298856,99.9915482055931
"1498","task11","11dof","Pronator Teres, Ulnar",50.008351976316,28.8184564928237,49.5974276797541,0.0192206416434915,99.9988396667363
"1499","task11","11dof","Superior Infraspinatus",49.5321596415146,27.902636507914,49.2354229446142,0.00533861835646521,99.9968132155033
"1500","task11","11dof","Superior Latissimus Dorsi",3.2232540586192,3.04079400873315,2.35977523179526,0.00162231132073698,23.304281240615
"1501","task11","11dof","Superior Pectoralis Major",1.71772668959301,1.61826341441829,1.23963875068105,0.000366635216812738,13.4529096993776
"1502","task11","11dof","Superior Rhombiod",1.12092305563114,1.0535125691221,0.81626535114934,1.11990747165419e-05,8.09772358517601
"1503","task11","11dof","Superior Serratus Anterior",35.318074073508,15.2693026607006,35.34483148209,0.00272352791049202,85.2023153266504
"1504","task11","11dof","Superior Subscapularis",47.8875143092019,28.6785985404768,46.6737879541658,0.00357115295990251,99.9885255070142
"1505","task11","11dof","Superior Trapezius, Scapula",3.86402724742498,2.99682641501677,3.19422751473026,0.000412538761501019,18.8778948008376
"1506","task11","11dof","Supinator",52.481058162739,22.3537879468852,52.6772075370873,0.0873297906651416,99.9926342479962
"1507","task11","11dof","Teres Major",58.787517424749,25.3237613273569,61.5217901169055,0.014266191232748,99.9966418757457
"1508","task11","11dof","Teres Minor",47.3563879811018,27.3276737988216,46.3004744943195,0.0134310415755179,99.9793847588784
"1509","task11","11dof","Trapezius, Clavicle",91.5370539186231,7.66392030512757,93.7157717409699,35.5826641589493,99.9995752407195
"1510","task11","11dof","Triceps Lateral Head",45.195711000404,27.5080141116477,42.9251503215781,0.025389755956795,99.9925610768545
"1511","task11","11dof","Triceps Long Head",36.0215059160317,22.2941007274523,33.9224967343243,0.0219713508193498,99.9615853185331
"1512","task11","11dof","Triceps Medial Head",43.2724014639598,26.6809596503723,41.0184478025594,0.00395790105713889,99.95080707033
"1513","task11","3dof","Anconeus",49.9322339131252,28.7054379888532,50.14126870875,0.00999733013697934,99.9880930603961
"1514","task11","3dof","Anterior Deltoid",21.616020004402,18.323804387957,16.6542092342981,0.000989752050181703,98.8383172598005
"1515","task11","3dof","Anterior Supraspinatus",51.0876044742162,28.6846704000031,51.6223007809908,0.00420053440277623,99.9996879403055
"1516","task11","3dof","Biceps Long Head",41.0217407899963,27.8395189596491,36.9337146905357,0.0047920125719414,99.9325669672239
"1517","task11","3dof","Biceps Short Head",19.5457319933244,16.9334408472558,14.9628641880904,0.00983201405779788,99.7940343985689
"1518","task11","3dof","Brachialis",49.8757601876471,29.0319663157404,49.7657537482854,0.00422000100662179,99.9914884096207
"1519","task11","3dof","Brachioradialis",49.8093049822132,28.9925426217277,49.6693369668053,0.00035420980605827,99.9996219537537
"1520","task11","3dof","Coracobrachialis",21.7537331960789,18.5420197802401,16.8703918350044,1.30252165636557e-05,99.8940307696758
"1521","task11","3dof","Inferior Infraspinatus",59.0011104575154,26.762429451092,62.5408910496508,0.00470926561302321,99.9960075210006
"1522","task11","3dof","Inferior Latissimus Dorsi",46.2037430323986,28.2530782583735,44.6034649934724,0.0012701928313763,99.9826324329306
"1523","task11","3dof","Inferior Pectoralis Major",9.29473176221661,8.22761215598253,7.08895010665428,0.00203070643059883,60.285930431627
"1524","task11","3dof","Inferior Rhombiod",50.6248184136786,29.0398359896945,50.8053926821162,0.00439691942732412,99.9802933127492
"1525","task11","3dof","Inferior Serratus Anterior",50.5133081986507,28.6329484529171,50.9534037936851,0.010644641979779,99.9957861775919
"1526","task11","3dof","Inferior Subscapularis",47.618863598925,27.5559658826286,46.6180980284923,0.00140528673270301,99.9814427985419
"1527","task11","3dof","Inferior Trapezius, Scapula",49.5649306644829,28.8038532607192,49.4772473515777,0.00522680094962036,99.9947913999813
"1528","task11","3dof","Levator Scapula",50.3944617793191,28.7677617192773,50.3765962342327,0.0237199186739145,99.9973826909246
"1529","task11","3dof","Middle Deltoid",86.8766427968294,10.980298785753,89.6166236876913,28.2086147595931,99.9932025484577
"1530","task11","3dof","Middle Latissimus Dorsi",45.581771481458,28.5523947491875,43.3853432257094,0.0212789911761602,99.9662844436028
"1531","task11","3dof","Middle Pectoralis Major",20.0195954208266,17.6130197447227,15.2655251205692,0.00034535284642867,99.4819547454147
"1532","task11","3dof","Middle Serratus Anterior",50.2047650051921,28.567141730746,50.1483151598697,0.000610940757950207,99.9765155870288
"1533","task11","3dof","Middle Subscapularis",43.2198056519271,27.2916462504637,40.2064854676531,0.00893001911705937,99.9993200909285
"1534","task11","3dof","Middle Trapezius, Scapula",50.1021068952116,28.8673124676546,49.9757522490748,0.00219028969317137,99.9984545339122
"1535","task11","3dof","Pectoralis Minor",50.2218313948536,28.7032577263816,49.8188726561434,0.0171350981351959,99.9653037248012
"1536","task11","3dof","Posterior Deltoid",77.0299248685068,19.2122202961177,81.948427841952,0.235951086234243,99.9981451206252
"1537","task11","3dof","Posterior Supraspinatus",56.1566305334183,28.3891459558799,58.7689640449941,0.001713544897608,99.9693247701782
"1538","task11","3dof","Pronator Quadratus",50.3101001016479,28.9574260642692,50.178606770073,0.0281691135309681,99.9982459584195
"1539","task11","3dof","Pronator Teres, Humeral",50.3358331115954,28.9897582809347,50.2910424857752,0.00435248678931077,99.9943773705048
"1540","task11","3dof","Pronator Teres, Ulnar",50.5889871220496,28.8676380728507,50.9230142073306,0.0398936376683756,99.9701833098079
"1541","task11","3dof","Superior Infraspinatus",62.0921268433746,26.3271369980821,66.3530135404722,0.0125272573210933,99.9952761028063
"1542","task11","3dof","Superior Latissimus Dorsi",45.720936279496,28.6267573964778,43.6688574442899,0.00564608073841955,99.9796897881369
"1543","task11","3dof","Superior Pectoralis Major",25.3519543440147,21.0475491910242,20.0260899769183,0.00113699671528689,99.8869691412122
"1544","task11","3dof","Superior Rhombiod",49.6804729719891,28.8974564566846,49.7667755701268,0.00586429408708788,99.9884750026838
"1545","task11","3dof","Superior Serratus Anterior",50.1109926761946,29.0208895423792,50.4033687732984,0.00282103932655042,99.9888107502583
"1546","task11","3dof","Superior Subscapularis",39.6039683792845,27.4269679149388,35.2198392263147,0.0163879755291918,99.9843937568209
"1547","task11","3dof","Superior Trapezius, Scapula",50.144272127468,28.8965026008884,49.8153586182968,0.0218151974622993,99.9860149500558
"1548","task11","3dof","Supinator",49.983447625752,28.7712851054241,49.7379386622955,0.000431798927219562,99.960732274558
"1549","task11","3dof","Teres Major",51.8047411680205,25.9806674358064,52.3622727580142,0.0507562361955927,99.9930606543641
"1550","task11","3dof","Teres Minor",55.5593823931441,27.3146671978132,57.4710660222351,0.0399926487438029,99.9956105967804
"1551","task11","3dof","Trapezius, Clavicle",50.1982650812308,28.7596968275347,50.5961374278967,0.00346726950982701,99.9991295824635
"1552","task11","3dof","Triceps Lateral Head",50.0364318877334,28.783910782404,50.190759616738,0.0559874962110185,99.9909302900218
"1553","task11","3dof","Triceps Long Head",38.9572118587403,24.6531990994026,36.4009704188425,0.0311949594605676,99.9703836545469
"1554","task11","3dof","Triceps Medial Head",49.5864756758545,28.7836316682102,49.4323196731662,0.0201705672757291,99.9944430725154
"1555","task11","5dof","Anconeus",49.0383332996381,28.7329034057409,48.5389985292936,0.044121304135164,99.9815420742524
"1556","task11","5dof","Anterior Deltoid",21.107854381145,18.2965783978797,16.1483761710472,0.00232732959539184,99.7348372438811
"1557","task11","5dof","Anterior Supraspinatus",48.2525916498942,28.4441310093481,47.5615724527801,0.000764373616612968,99.9948193391601
"1558","task11","5dof","Biceps Long Head",45.4128456323882,27.9862801185413,43.140398210951,0.00917868021984569,99.9993115395128
"1559","task11","5dof","Biceps Short Head",21.6650647225528,17.5070494538004,17.4251299839891,0.000955018770537608,99.9736876534312
"1560","task11","5dof","Brachialis",55.4568944597938,27.5563688961799,57.6069404458233,0.0179129697013503,99.9813260163648
"1561","task11","5dof","Brachioradialis",51.8541172034267,28.7932127363448,52.9571702537363,0.0323565784359769,99.9863560293444
"1562","task11","5dof","Coracobrachialis",22.3442755673405,19.1489698193266,17.0558624279638,6.101617446852e-05,99.4710950881207
"1563","task11","5dof","Inferior Infraspinatus",59.342386092126,26.5698554057236,62.4887512813271,0.0452838645544795,99.9861537397385
"1564","task11","5dof","Inferior Latissimus Dorsi",46.8858780138866,28.6502534565669,45.4232800357288,0.020488492888282,99.9511724804911
"1565","task11","5dof","Inferior Pectoralis Major",9.34466587933735,8.12929668702968,7.23265968953856,0.00111572381281122,54.3146023792315
"1566","task11","5dof","Inferior Rhombiod",50.0646334469939,28.7875481404903,49.9123360778383,0.00232990320306325,99.9804180761464
"1567","task11","5dof","Inferior Serratus Anterior",49.9436746893426,28.9453212439554,50.0478032859654,0.00859840340572404,99.9910929202888
"1568","task11","5dof","Inferior Subscapularis",46.1879384390768,27.5962902736265,44.5394070339558,0.00322969350698976,99.9991697288361
"1569","task11","5dof","Inferior Trapezius, Scapula",49.8212155232489,28.905843000558,49.6713713693742,0.0105069993167395,99.9985364223068
"1570","task11","5dof","Levator Scapula",49.7649790661975,29.0516545537144,49.7519706789243,0.00537084438165247,99.9913737937904
"1571","task11","5dof","Middle Deltoid",85.7940291403364,11.6227787190189,88.4625129071914,26.0285056348144,99.9931707768702
"1572","task11","5dof","Middle Latissimus Dorsi",46.0398293574965,28.2700452078763,44.3894828844706,0.0194580465650351,99.9833364112225
"1573","task11","5dof","Middle Pectoralis Major",19.8231182766202,17.3740284785727,15.0413579046124,0.00726867412710885,99.8175956110185
"1574","task11","5dof","Middle Serratus Anterior",50.126069163803,29.0512475600997,50.0003017371883,0.00922735652674755,99.9755193719054
"1575","task11","5dof","Middle Subscapularis",40.9055429222974,27.0237332330977,37.6989391804295,0.00852456650084488,99.996520354292
"1576","task11","5dof","Middle Trapezius, Scapula",50.026154651531,29.1723253361198,50.1585524310024,0.0084507992746341,99.9916145236297
"1577","task11","5dof","Pectoralis Minor",49.865007149564,28.7554750422631,49.6249688793973,0.0218219474509229,99.9892278819511
"1578","task11","5dof","Posterior Deltoid",78.795420534663,18.1488976884667,83.6415356532765,0.0198853162538204,99.9936799947106
"1579","task11","5dof","Posterior Supraspinatus",55.4167871914172,28.4648818683715,58.2564236983834,0.0464185727773403,99.9849738926007
"1580","task11","5dof","Pronator Quadratus",48.753052440464,28.3146089074068,48.4342877056543,0.00977764666965086,99.9777067584683
"1581","task11","5dof","Pronator Teres, Humeral",49.7911844520548,28.3823001841242,50.4092048273917,0.00228153338872605,99.9608162682485
"1582","task11","5dof","Pronator Teres, Ulnar",49.4913247831912,28.7693143402453,49.4330741008438,0.00131636942406477,99.9994309314474
"1583","task11","5dof","Superior Infraspinatus",61.6832114738591,26.5042740194142,66.0883549778293,0.0564737913745339,99.996488036352
"1584","task11","5dof","Superior Latissimus Dorsi",46.7241366842423,28.7882315605045,45.0680535955803,0.000570869155447351,99.9965435620988
"1585","task11","5dof","Superior Pectoralis Major",24.8361479879914,21.1477514156264,18.9789399804772,0.00743903964509074,99.7652232619189
"1586","task11","5dof","Superior Rhombiod",50.0849355110403,28.9819541896507,50.0352910548127,0.0140965409474059,99.9712737437436
"1587","task11","5dof","Superior Serratus Anterior",49.8992526444496,28.5532541246738,49.8547920079229,0.00336984394724293,99.9915287502166
"1588","task11","5dof","Superior Subscapularis",39.1841517107825,27.5344038939324,34.576072457365,0.00402945792429832,99.9803272381593
"1589","task11","5dof","Superior Trapezius, Scapula",49.9115102929982,28.803423467748,49.7104923841955,0.0187649149828994,99.9798696240141
"1590","task11","5dof","Supinator",57.8380094003134,21.421562914751,58.7199896157034,0.109650816154205,99.9701592283466
"1591","task11","5dof","Teres Major",58.905183231442,23.9356128906535,61.0986149988285,0.0377078397695296,99.9893174893578
"1592","task11","5dof","Teres Minor",58.0483367031819,26.7884353015846,60.5960983779381,0.0043973492354521,99.9993839604955
"1593","task11","5dof","Trapezius, Clavicle",49.8336467828721,28.6895484036938,49.3442204170798,0.0106147842113435,99.9997286662865
"1594","task11","5dof","Triceps Lateral Head",42.1402047098322,26.9963082424602,38.9346810370845,0.0211706508009168,99.9901092042046
"1595","task11","5dof","Triceps Long Head",28.4496097016548,18.9128752425502,25.772579840991,0.0216459204837649,97.8422278252935
"1596","task11","5dof","Triceps Medial Head",39.2440151564406,25.3635099915881,36.1658695798823,0.0111482814109609,99.8005027169862
"1597","task11","8dof","Anconeus",49.8492277599339,29.1573097361997,49.8189364753047,0.00589748561770076,99.9956545630212
"1598","task11","8dof","Anterior Deltoid",2.70377535493937,2.45704530587259,2.00696921703056,0.000181506886013164,19.1295939701383
"1599","task11","8dof","Anterior Supraspinatus",50.4490849105181,28.7779763071961,51.0751607647908,0.0104993737589987,99.962598760033
"1600","task11","8dof","Biceps Long Head",50.7015690568812,28.5203515677626,50.8402225291546,0.00577224967225343,99.9499250097432
"1601","task11","8dof","Biceps Short Head",39.9177455635489,24.972600563883,37.2223328314899,0.0191287593993283,99.9432078927392
"1602","task11","8dof","Brachialis",53.5886237706437,27.9944092234946,55.036223440183,0.0254553783253564,99.9789511122857
"1603","task11","8dof","Brachioradialis",51.1661722170297,28.779621813335,51.718919785733,0.00166313951680541,99.9637208363973
"1604","task11","8dof","Coracobrachialis",37.3019171680684,25.6159030107132,32.980063457046,0.00795615241363512,99.9480793373639
"1605","task11","8dof","Inferior Infraspinatus",48.3046579678133,27.1743754699688,47.5453669042609,0.0739596212846139,99.9763756725141
"1606","task11","8dof","Inferior Latissimus Dorsi",9.50514919707062,8.6975230023847,7.09982019654224,0.00106874106399202,61.0587698202976
"1607","task11","8dof","Inferior Pectoralis Major",0.937022741567053,0.872222561884432,0.678831253936732,2.17396698514588e-05,6.67677977962475
"1608","task11","8dof","Inferior Rhombiod",2.87514650520196,2.71554380832077,2.07036771169416,0.000776256654885787,23.866312756634
"1609","task11","8dof","Inferior Serratus Anterior",5.69282363010814,3.74138944386068,5.21120078106952,0.00581685839911028,19.1763156577661
"1610","task11","8dof","Inferior Subscapularis",54.3228192832587,27.5621145315792,56.3025265657055,0.0197850745232264,99.9984515096367
"1611","task11","8dof","Inferior Trapezius, Scapula",35.906417620063,22.7744982084101,33.3152855507538,0.0140816132339683,99.9796873625725
"1612","task11","8dof","Levator Scapula",4.40688606654673,4.09044725581743,3.27042888281888,4.18560473579299e-05,29.3764137769221
"1613","task11","8dof","Middle Deltoid",70.8502727230868,18.2349969382795,73.1238951914977,4.61496281926026,99.9767864003162
"1614","task11","8dof","Middle Latissimus Dorsi",7.53998521057994,6.9806617388225,5.54245651865418,0.00179198146437187,58.1846994039003
"1615","task11","8dof","Middle Pectoralis Major",1.99314820636028,1.84580178944418,1.4592801346834,4.93737303791653e-05,14.7620263742578
"1616","task11","8dof","Middle Serratus Anterior",6.83805805720839,6.09386525248633,5.14869656250212,0.00139063188777516,42.695870232012
"1617","task11","8dof","Middle Subscapularis",51.101307825818,27.639318939055,51.5489374605133,0.00714922357764047,99.9776481411014
"1618","task11","8dof","Middle Trapezius, Scapula",6.47732159608094,6.07424775447562,4.659824192432,0.000475621196660558,56.5197622633479
"1619","task11","8dof","Pectoralis Minor",86.1215575511569,13.197568576166,90.0233551381228,0.0691341237138321,99.9991618736003
"1620","task11","8dof","Posterior Deltoid",62.6280623683862,24.6288646344485,65.8728932169256,0.0677462938340589,99.9963487829876
"1621","task11","8dof","Posterior Supraspinatus",51.6245420220159,28.7666326500682,52.4330368284875,0.0188686395705573,99.973839540502
"1622","task11","8dof","Pronator Quadratus",49.6231304991525,28.7006215540903,49.8579661200003,0.0261404992288661,99.985423080717
"1623","task11","8dof","Pronator Teres, Humeral",50.946862459412,28.5220699744277,51.7176359188077,0.00272283521886019,99.9884075865787
"1624","task11","8dof","Pronator Teres, Ulnar",49.9293936385073,28.9598717396941,49.8854207364353,0.00327993395248249,99.9959075768514
"1625","task11","8dof","Superior Infraspinatus",50.1926298736806,27.8942290040206,50.1538369790745,0.00368452262374808,99.9809560541362
"1626","task11","8dof","Superior Latissimus Dorsi",9.63893481954214,9.02083077926938,6.99200509818557,0.00059670004432244,68.7185286126845
"1627","task11","8dof","Superior Pectoralis Major",2.88258186417963,2.65217728544728,2.09953520752773,0.000957625044168547,23.8998796795865
"1628","task11","8dof","Superior Rhombiod",1.78890779009261,1.69206311066208,1.28739940400339,6.18162465885336e-05,15.3582772085653
"1629","task11","8dof","Superior Serratus Anterior",25.8509503381862,18.4969502052733,22.5303096788901,0.00038275244821917,95.0378545283742
"1630","task11","8dof","Superior Subscapularis",47.5399275778164,28.4984742425721,46.613584383325,0.00150168190775624,99.9972182944567
"1631","task11","8dof","Superior Trapezius, Scapula",2.80891719320836,2.61581493235211,2.0701889403296,0.000146314147230625,19.0867051703573
"1632","task11","8dof","Supinator",52.6106971581327,22.0294482854235,52.7157902257561,0.0708425317655803,99.980261072956
"1633","task11","8dof","Teres Major",57.5605949953682,25.1317029852776,59.976134598505,0.0373970445511018,99.9881478800779
"1634","task11","8dof","Teres Minor",48.3610708888497,27.3742367682023,48.1045901501139,0.00177624265853549,99.9930123873765
"1635","task11","8dof","Trapezius, Clavicle",49.9463965182697,28.8712972636193,50.2895789094931,0.0130369480042358,99.9919454045077
"1636","task11","8dof","Triceps Lateral Head",45.0312465424047,27.7094905517854,42.7766254854502,0.00309280131292611,99.9812150734663
"1637","task11","8dof","Triceps Long Head",35.7032965841377,22.0553046225968,33.4702642861336,0.00270268901639836,99.8660924673843
"1638","task11","8dof","Triceps Medial Head",43.3929300264137,26.6002542625379,41.3769002763474,0.00321511983848999,99.9236502174705
"1639","task12","3dof","Anconeus",50.0005751900202,28.8129313342577,50.0213554498097,0.000446598809106247,99.9987170488094
"1640","task12","3dof","Anterior Deltoid",11.6028554854485,10.5393122008914,8.59880011579962,0.000455068957724847,81.3041812328352
"1641","task12","3dof","Anterior Supraspinatus",51.2510593432072,28.6298783629662,51.6008400482365,0.00298041160858853,99.9502972637158
"1642","task12","3dof","Biceps Long Head",33.2335165107787,25.4546907432181,27.3175960950043,0.00508834989468854,99.9779279837246
"1643","task12","3dof","Biceps Short Head",10.3663417047488,9.37416164191613,7.66361826962341,0.00960633116060677,69.618238089212
"1644","task12","3dof","Brachialis",50.0271043138537,28.9867761508709,49.8910736186262,0.0317959347062857,99.9864578657232
"1645","task12","3dof","Brachioradialis",49.5268725471579,28.9985545566361,49.1862095634132,0.000204167687256618,99.9898557158075
"1646","task12","3dof","Coracobrachialis",11.644218972536,10.4881436136098,8.6791766766819,1.80635203364532e-05,79.253451090717
"1647","task12","3dof","Inferior Infraspinatus",64.1896738414058,25.5434797216708,68.7473531438502,0.0122707787017173,99.9985734127135
"1648","task12","3dof","Inferior Latissimus Dorsi",43.7642348545566,28.0227573337009,41.1373096504935,0.000929848842395886,99.9894357784785
"1649","task12","3dof","Inferior Pectoralis Major",4.97163887320229,4.53890949051029,3.64299102383563,0.000112556909531714,33.0448812730327
"1650","task12","3dof","Inferior Rhombiod",50.4799993636279,28.795199966399,50.1663654763576,0.00315173832601268,99.9912675226954
"1651","task12","3dof","Inferior Serratus Anterior",50.4882022863097,28.7728592241532,50.9367941965588,0.0124074010624087,99.9558914752939
"1652","task12","3dof","Inferior Subscapularis",47.0695139866351,27.3332352674677,45.983473184719,0.00212488856756732,99.9240407273057
"1653","task12","3dof","Inferior Trapezius, Scapula",49.3874874776366,28.851496144448,49.1739257211354,0.00200524150370529,99.9928312111813
"1654","task12","3dof","Levator Scapula",50.4432141426195,28.8703496948036,50.6203212900145,0.0787398922554361,99.9974843047694
"1655","task12","3dof","Middle Deltoid",92.6079143768343,6.52781898316078,94.4802194177959,54.8419805549553,99.9998508219351
"1656","task12","3dof","Middle Latissimus Dorsi",41.9742041595976,28.0393087393638,37.8306484815879,0.0168099519034626,99.9871295703688
"1657","task12","3dof","Middle Pectoralis Major",10.8778244317878,9.93637735335967,8.03883498342224,0.000135646431824454,70.3680629761928
"1658","task12","3dof","Middle Serratus Anterior",50.2465272817329,28.6340641084012,50.2950076314513,0.000970608615702417,99.9944462010902
"1659","task12","3dof","Middle Subscapularis",37.9672631093932,26.21395023896,33.6000102296857,0.0120815179428413,99.9940882989137
"1660","task12","3dof","Middle Trapezius, Scapula",49.932726652186,28.9563805315061,49.9064707357632,0.00113576474561894,99.997459144616
"1661","task12","3dof","Pectoralis Minor",50.2661410787513,28.9577098294311,50.0117020915561,0.0110204894696486,99.9813194029662
"1662","task12","3dof","Posterior Deltoid",87.5857359259404,11.0522968415765,90.5584290214089,8.79162704936136,99.9926685570245
"1663","task12","3dof","Posterior Supraspinatus",61.5045345420522,27.1927938803422,66.0831041822502,0.0023461434094707,99.981885078011
"1664","task12","3dof","Pronator Quadratus",49.9653558144857,28.9701141204626,49.5131453520406,0.00218610723592971,99.9974887950903
"1665","task12","3dof","Pronator Teres, Humeral",50.6080471109196,28.8629087854361,51.0878782654998,0.00576413539734588,99.9731142356052
"1666","task12","3dof","Pronator Teres, Ulnar",50.0115595833147,28.6618598744781,49.770455171747,0.0194858162701483,99.9943374951902
"1667","task12","3dof","Superior Infraspinatus",69.7503796338301,23.5557542012051,75.0244700231479,0.457081012495231,99.994182861199
"1668","task12","3dof","Superior Latissimus Dorsi",42.5564204367793,28.0579660711601,39.2287608962103,0.00296955999579129,99.9744695576444
"1669","task12","3dof","Superior Pectoralis Major",14.2397450621608,12.9346759299665,10.567671428046,0.00140004514920522,96.6252400960484
"1670","task12","3dof","Superior Rhombiod",49.7045013418419,29.0298220093184,50.0494660389623,0.0071680259761342,99.9907283865813
"1671","task12","3dof","Superior Serratus Anterior",49.8679877747491,28.9781437007327,49.708395157323,0.00430492238899238,99.9864379943433
"1672","task12","3dof","Superior Subscapularis",31.2525030613394,24.531165726297,25.2555039562383,0.00557588455867286,99.9739043896364
"1673","task12","3dof","Superior Trapezius, Scapula",50.1556832257395,28.8572987578533,49.8196772593702,0.0182557434820763,99.9924942106826
"1674","task12","3dof","Supinator",49.9545687347677,28.8827954330111,49.780629138386,0.000540436055468385,99.9518389429518
"1675","task12","3dof","Teres Major",58.2291957781857,23.9761632662499,60.4674092314549,0.0612425814071282,99.9626466599643
"1676","task12","3dof","Teres Minor",59.4655842398491,26.728938752377,63.0889032449445,0.0902554159407654,99.9934355774688
"1677","task12","3dof","Trapezius, Clavicle",49.9924646411635,28.8447042463364,50.1446423617349,0.00568373015605861,99.9964166653694
"1678","task12","3dof","Triceps Lateral Head",50.0557196421844,28.5655660875959,50.0193715003193,0.0545393537869976,99.9925724183895
"1679","task12","3dof","Triceps Long Head",31.3658998655412,22.2724425758826,27.1076990544772,0.00503582607144226,99.9510568501455
"1680","task12","3dof","Triceps Medial Head",49.8164803231808,28.8716249975564,50.0580971880025,0.0257871217295702,99.9942443988869
"1681","task12","5dof","Anconeus",50.0452715307748,28.7043959383396,50.0673195126538,0.0109069634342429,99.9837172949917
"1682","task12","5dof","Anterior Deltoid",11.5392915772531,10.4184239430335,8.59777417665365,0.00105644965019969,78.7836727666363
"1683","task12","5dof","Anterior Supraspinatus",50.5934958965987,28.5393441537072,51.2808527170137,0.0138779626881691,99.9946121398129
"1684","task12","5dof","Biceps Long Head",34.7901520735553,25.6126766814103,29.5382020693156,0.0101513734376779,99.9521168619839
"1685","task12","5dof","Biceps Short Head",10.4676808931783,9.29955699154043,7.87493523724224,0.00305728278943568,63.8152808497105
"1686","task12","5dof","Brachialis",48.8654106111352,27.8027769469209,48.0739255134905,0.00705674894494468,99.9978764428292
"1687","task12","5dof","Brachioradialis",48.9941584563384,28.7762811386962,48.7257527459179,0.0190052579366218,99.9927153116764
"1688","task12","5dof","Coracobrachialis",11.8004484097604,10.5146506450181,8.83968312512144,3.8756553306929e-05,79.1022262338352
"1689","task12","5dof","Inferior Infraspinatus",64.2682494859774,25.1307668895128,68.8820603375374,0.0967212984413934,99.9794000894654
"1690","task12","5dof","Inferior Latissimus Dorsi",43.4783413603433,28.3878747648071,40.3347156759087,0.0120349545489007,99.9728491523441
"1691","task12","5dof","Inferior Pectoralis Major",4.97071014890435,4.45710944883374,3.70801033792028,0.000708665697196631,31.3600312563069
"1692","task12","5dof","Inferior Rhombiod",50.1581047714133,28.9705965162862,50.16139966118,0.00521888030197148,99.9720840914114
"1693","task12","5dof","Inferior Serratus Anterior",49.7510623577372,29.0526227987551,49.4311010715211,0.0121100909119654,99.9913883599032
"1694","task12","5dof","Inferior Subscapularis",46.7712842805318,27.6710936515067,45.5842727320838,0.00356198071145286,99.99996260807
"1695","task12","5dof","Inferior Trapezius, Scapula",49.3772285191084,28.9284191086063,49.1189107929768,0.000512650073286602,99.9576852793002
"1696","task12","5dof","Levator Scapula",49.9505414500643,28.8661659065922,50.0506153193754,0.00826763121956064,99.9966932505202
"1697","task12","5dof","Middle Deltoid",92.5886304465505,6.55578276050222,94.3449844471443,51.1711969541304,99.9996743835225
"1698","task12","5dof","Middle Latissimus Dorsi",41.7558090695372,28.1449576191152,37.7249512493423,0.00191007220196604,99.9612754525779
"1699","task12","5dof","Middle Pectoralis Major",10.8405478071923,9.84387078021086,7.83769645202172,0.0025735056479681,81.6571704369225
"1700","task12","5dof","Middle Serratus Anterior",49.8935839073809,28.7555640777095,49.8791606554808,0.104980436246027,99.9957804151585
"1701","task12","5dof","Middle Subscapularis",37.3014985668552,25.8147208241867,33.1459221052652,0.00143101360804421,99.9935950610399
"1702","task12","5dof","Middle Trapezius, Scapula",50.2506434556268,29.1700036084272,49.9790787972605,0.0217372055548448,99.9935998530204
"1703","task12","5dof","Pectoralis Minor",49.7469982016661,28.9631543531214,49.8266378613941,0.0130937802946762,99.9692970586448
"1704","task12","5dof","Posterior Deltoid",87.7134245767848,10.9328654999886,90.7681074487217,18.6910652518853,99.9998411018664
"1705","task12","5dof","Posterior Supraspinatus",60.9802813246156,27.4769169589459,66.096813609368,0.0112777317298085,99.9933801869458
"1706","task12","5dof","Pronator Quadratus",41.7684750417354,26.697041817934,38.9954056434963,0.00700424264554189,99.9905144529087
"1707","task12","5dof","Pronator Teres, Humeral",41.7157638333002,26.8213632132904,38.5676892376296,0.0110532051467216,99.9647507601692
"1708","task12","5dof","Pronator Teres, Ulnar",47.5074389218693,28.5658191463686,45.9250778468536,0.0139983884168693,99.9994832243649
"1709","task12","5dof","Superior Infraspinatus",69.8731718911835,23.5745458910236,75.6229466867462,0.256319042317621,99.9968401803026
"1710","task12","5dof","Superior Latissimus Dorsi",42.3045733228689,28.5014664297975,38.5239972180913,0.00435179974347943,99.989542909235
"1711","task12","5dof","Superior Pectoralis Major",14.0639871108834,12.7096789868777,10.4913541552325,5.74628042065983e-05,93.0963952714009
"1712","task12","5dof","Superior Rhombiod",50.4165279284351,29.1812970173619,50.3975095160166,0.00581197726643445,99.9936782927699
"1713","task12","5dof","Superior Serratus Anterior",49.4474867506687,29.2033346661599,49.3851375150404,0.00435988498959095,99.9955883548409
"1714","task12","5dof","Superior Subscapularis",31.4424697623626,24.8870988070669,25.2464097286928,0.00750110712648966,99.9224318656336
"1715","task12","5dof","Superior Trapezius, Scapula",49.9731399124987,28.9997839566927,50.2088189459047,0.0124423489022807,99.9825478169136
"1716","task12","5dof","Supinator",74.5977685393931,16.517138335759,76.8499253919082,14.2929787470309,99.9939921100582
"1717","task12","5dof","Teres Major",59.6911713945074,22.467124448799,61.3741193728173,0.246551972227493,99.9948266300712
"1718","task12","5dof","Teres Minor",59.2960357072581,26.350197957048,62.8313615084952,0.0290498724604626,99.9973186979272
"1719","task12","5dof","Trapezius, Clavicle",50.1253599134393,28.7982104623538,50.0168105654151,0.0378893603942387,99.9863065832361
"1720","task12","5dof","Triceps Lateral Head",51.1768734437066,27.3361605536093,51.5919934139022,0.0734632647131306,99.984756751711
"1721","task12","5dof","Triceps Long Head",29.8849278252461,19.0511087055677,27.4110146038293,8.14328214693294e-05,97.7561376125425
"1722","task12","5dof","Triceps Medial Head",52.0765929288106,26.6118483820352,52.943656497497,0.0266290780724099,99.9639724442012
"1723","task13","3dof","Anconeus",49.675012343346,28.8486160614798,49.5973749486573,0.000601964131874411,99.9996742579114
"1724","task13","3dof","Anterior Deltoid",0.909268736426149,0.861022523225303,0.652590113018044,0.000160069664862164,6.29358406458634
"1725","task13","3dof","Anterior Supraspinatus",54.6606947293506,24.4294112309097,55.5674762532386,0.0831073098591761,99.9688898299726
"1726","task13","3dof","Biceps Long Head",3.35134302733265,3.1848510789705,2.40753137528878,0.000633541003948468,29.5655923775802
"1727","task13","3dof","Biceps Short Head",0.804841470659224,0.755377886144458,0.58607011652908,0.000148546522598172,6.75347958313882
"1728","task13","3dof","Brachialis",50.4007350470925,28.8531433277066,50.6010553783056,0.0453589101121921,99.9975212123794
"1729","task13","3dof","Brachioradialis",49.9864250834658,28.7509537454368,49.6801153903649,0.00793724133770213,99.9952458410965
"1730","task13","3dof","Coracobrachialis",0.923659043252194,0.883215355797088,0.652368756520262,4.13710938250433e-07,7.19113333538433
"1731","task13","3dof","Inferior Infraspinatus",83.1976524648694,12.4115046978531,85.567305060908,26.2933308985103,99.9933167281164
"1732","task13","3dof","Inferior Latissimus Dorsi",18.9097148795798,16.745323972292,14.185379364197,0.00367369915520444,99.947108054483
"1733","task13","3dof","Inferior Pectoralis Major",0.412788125825844,0.395768157577252,0.297553909769752,1.22008986893664e-05,3.70608778995299
"1734","task13","3dof","Inferior Rhombiod",50.1311797586448,28.8611226776694,50.2499535571212,0.0140956539032622,99.9960564490483
"1735","task13","3dof","Inferior Serratus Anterior",49.9902250598699,28.7908812480323,49.7823042407782,0.00621704579223947,99.9951677956781
"1736","task13","3dof","Inferior Subscapularis",88.8648488744244,10.0160371315297,91.7699748815958,28.8433359388795,99.9955268118327
"1737","task13","3dof","Inferior Trapezius, Scapula",49.630863264497,29.001572571949,49.2434235138988,0.00158508420746162,99.9993585734367
"1738","task13","3dof","Levator Scapula",49.8912323090834,28.8333781732694,49.871715375003,0.0329553340963795,99.9955251897405
"1739","task13","3dof","Middle Deltoid",99.3087364462136,0.654490929283567,99.4951358195074,93.876406971978,99.9999320037074
"1740","task13","3dof","Middle Latissimus Dorsi",15.2760942337581,14.0701367287199,11.1086248178807,0.00104599286240015,95.0766550637718
"1741","task13","3dof","Middle Pectoralis Major",0.914601206978505,0.871484160509194,0.660553156032931,9.33850214695359e-05,8.54251259387602
"1742","task13","3dof","Middle Serratus Anterior",49.9595505333103,28.5076525000977,49.9236857763758,0.00485336823745075,99.9731609577356
"1743","task13","3dof","Middle Subscapularis",8.74106203624575,8.15020269656846,6.39582182949365,0.00161254512043435,60.5325394473742
"1744","task13","3dof","Middle Trapezius, Scapula",49.8648775647687,28.940281719138,49.4596100729208,0.0323347421621767,99.9994714976873
"1745","task13","3dof","Pectoralis Minor",50.0404315301,28.8567725194836,50.016787282227,0.0140182480931728,99.9983747368781
"1746","task13","3dof","Posterior Deltoid",99.052791448815,0.888170679051343,99.3115107000557,92.9232664771023,99.999973040306
"1747","task13","3dof","Posterior Supraspinatus",93.6860441097328,6.08974537329505,95.5222421060458,46.6919114607863,99.9986190407208
"1748","task13","3dof","Pronator Quadratus",50.060906932343,28.9091475737897,50.1297918916613,0.000805104552725755,99.9833318546933
"1749","task13","3dof","Pronator Teres, Humeral",50.1072196335309,28.7428153836166,49.8882069164213,0.00493263120039944,99.9870456912834
"1750","task13","3dof","Pronator Teres, Ulnar",49.8799211825401,28.8488105421524,49.6825766109673,0.00561682636665006,99.971476236044
"1751","task13","3dof","Superior Infraspinatus",94.5893640000417,5.16348909999221,96.1383053317894,56.7376084788141,99.999316242404
"1752","task13","3dof","Superior Latissimus Dorsi",11.160159130985,10.5046439313915,8.0191858827786,0.00256907124257938,89.2134889902705
"1753","task13","3dof","Superior Pectoralis Major",1.1467473181325,1.08616507247416,0.823517750552817,0.000321294008124619,7.8769040983469
"1754","task13","3dof","Superior Rhombiod",49.482068911867,29.0386670209369,49.6777418222076,0.00299003107266937,99.9990730894947
"1755","task13","3dof","Superior Serratus Anterior",49.9688516842828,28.8395303690013,49.9940938693646,0.011545556569853,99.9942098240451
"1756","task13","3dof","Superior Subscapularis",3.34461310815719,3.16880815034358,2.42678428069362,0.00124888455786815,30.6607393138624
"1757","task13","3dof","Superior Trapezius, Scapula",50.4142443070408,29.0215770003668,50.9348177413481,0.0165720971808447,99.9853701874815
"1758","task13","3dof","Supinator",50.4255784691985,28.7003792748131,51.1077095383177,0.0014320661213485,99.9976336928267
"1759","task13","3dof","Teres Major",96.682556259168,2.96345481667791,97.5447672099677,78.7021409956332,99.9987920752877
"1760","task13","3dof","Teres Minor",72.7919124732617,16.945789028083,74.383881207446,1.58020063534439,99.9897982496758
"1761","task13","3dof","Trapezius, Clavicle",49.6711293725113,28.8742708003003,49.7958059640821,0.00309569650760455,99.9676650120531
"1762","task13","3dof","Triceps Lateral Head",49.9968169680081,28.7667379920206,49.7098273198498,0.00731192348196741,99.9842197174391
"1763","task13","3dof","Triceps Long Head",6.00573544854144,4.96880708706721,4.77670842090852,3.81250963979451e-05,32.9116011038826
"1764","task13","3dof","Triceps Medial Head",49.8752198208801,28.8641365470808,50.115743956482,0.00120089188998529,99.9539080767651
"1765","task13","5dof","Anconeus",53.6437210296623,28.5485338553484,55.3254523459409,0.0656460122503977,99.9961036148037
"1766","task13","5dof","Anterior Deltoid",0.893272184323268,0.846723019927272,0.645829989861632,0.000217599315881917,6.86283654448452
"1767","task13","5dof","Anterior Supraspinatus",57.9982582184203,24.6273093842037,60.1305738755495,0.000182695392736409,99.9963640889038
"1768","task13","5dof","Biceps Long Head",3.26353920664206,3.08240493642004,2.35042673830395,0.000740977145033406,23.9480076722513
"1769","task13","5dof","Biceps Short Head",0.799716332317323,0.767157428208218,0.571904930661158,0.000225605642278741,6.31625194278546
"1770","task13","5dof","Brachialis",25.0345993428101,18.673793129932,21.4186793236494,0.000910196400943919,98.2848577387942
"1771","task13","5dof","Brachioradialis",40.6940247404495,27.8349214634601,36.4978446115923,0.0227514176167898,99.9813764462533
"1772","task13","5dof","Coracobrachialis",0.909064933377514,0.861154503276295,0.652246130029843,7.71053917086179e-06,7.13215885901278
"1773","task13","5dof","Inferior Infraspinatus",83.7441223592482,11.9567598301897,85.7707143652649,23.3277543879506,99.9998506489775
"1774","task13","5dof","Inferior Latissimus Dorsi",18.2056074761066,16.617051196373,13.3093992997931,0.00405519410063837,99.2119760513605
"1775","task13","5dof","Inferior Pectoralis Major",0.418923452278472,0.399556106223979,0.302030540109069,0.000132475053643728,3.54366052071311
"1776","task13","5dof","Inferior Rhombiod",50.1498911603682,28.679970504271,49.9989326935442,0.0189065987060921,99.9950714101616
"1777","task13","5dof","Inferior Serratus Anterior",49.9769045315706,28.9162532089942,49.8804320879362,0.0102226942984507,99.9629438756381
"1778","task13","5dof","Inferior Subscapularis",88.9066987289075,10.0658721667224,91.7305097873088,21.7631543916334,99.9999995196549
"1779","task13","5dof","Inferior Trapezius, Scapula",49.7038315737417,28.8872533334749,49.4115992329479,0.000178006789824936,99.9909911004634
"1780","task13","5dof","Levator Scapula",49.8033861134473,28.8905973915821,49.7862547806578,0.0851202036765863,99.9989823186708
"1781","task13","5dof","Middle Deltoid",99.3258869157956,0.646803586990732,99.5163457935548,94.5582170563473,99.9999814675915
"1782","task13","5dof","Middle Latissimus Dorsi",14.2522972840376,13.3040856488522,10.320074640295,0.00201277073419714,95.6973909232418
"1783","task13","5dof","Middle Pectoralis Major",0.90144598891062,0.857318942370188,0.642856962775976,0.000227956166953293,6.35112633990337
"1784","task13","5dof","Middle Serratus Anterior",50.0676068187907,28.7826890796748,50.0087165030529,0.00518719252390887,99.9896123157454
"1785","task13","5dof","Middle Subscapularis",8.74161767443084,7.97843963696981,6.40264390167938,0.000864272248003728,65.5291836971251
"1786","task13","5dof","Middle Trapezius, Scapula",49.6251380879259,29.1299950554809,49.0266702994069,0.00229883523295005,99.9710306465735
"1787","task13","5dof","Pectoralis Minor",50.1147833108878,28.9122202100317,49.8160933463223,0.0421999768668468,99.9753864968193
"1788","task13","5dof","Posterior Deltoid",99.0332135277429,0.905099076125485,99.2954765269887,92.5943257914923,99.9999924802105
"1789","task13","5dof","Posterior Supraspinatus",93.7212504645955,6.07387801750132,95.4985047612147,45.9770531639273,99.9998844154998
"1790","task13","5dof","Pronator Quadratus",19.6471767496378,14.9987242351176,16.6081817577766,0.00269835545478325,93.6777626441629
"1791","task13","5dof","Pronator Teres, Humeral",18.2838587625244,14.7248886542058,14.7948647832556,0.00525825586952522,89.9046312710914
"1792","task13","5dof","Pronator Teres, Ulnar",41.23404717645,27.8433119838735,37.4091095530951,0.0245847425579537,99.9985807574645
"1793","task13","5dof","Superior Infraspinatus",94.6063294262922,5.12674749655365,96.1609773149923,55.4235109713536,99.9997746560148
"1794","task13","5dof","Superior Latissimus Dorsi",11.0537795820582,10.6543284410728,7.81072878872154,0.00442529344749504,95.2661287517141
"1795","task13","5dof","Superior Pectoralis Major",1.15055554731902,1.09472434657444,0.822681379360368,7.38002574909163e-05,7.43877549375951
"1796","task13","5dof","Superior Rhombiod",49.5980378373846,28.9047075355216,49.5324690856773,0.022614805463006,99.9211564097404
"1797","task13","5dof","Superior Serratus Anterior",50.02238909197,28.9030780306937,50.1502745264738,0.000327362524560337,99.9947905018064
"1798","task13","5dof","Superior Subscapularis",3.37048734072065,3.22604119139769,2.39020794684765,0.00268172272706244,31.642972443267
"1799","task13","5dof","Superior Trapezius, Scapula",50.3708322575029,28.7688664214551,50.555211523714,0.00792387440718967,99.9855379995955
"1800","task13","5dof","Supinator",90.0577790926364,7.61400941153462,91.7099259325717,55.4215066226533,99.9962402398066
"1801","task13","5dof","Teres Major",96.562940440371,3.04938530349461,97.4207318387527,77.7625740943635,99.9997500770429
"1802","task13","5dof","Teres Minor",71.9543118469526,17.009729421945,73.3568714906637,0.708803208051256,99.9807784443059
"1803","task13","5dof","Trapezius, Clavicle",49.9482266807672,28.8846910964614,50.0600558017658,0.0125272767101114,99.9957877789578
"1804","task13","5dof","Triceps Lateral Head",80.163135657035,14.7857397303122,82.9140601737038,6.74626187515669,99.9925717405847
"1805","task13","5dof","Triceps Long Head",7.60785463419144,5.65399170963294,6.52131963397695,0.00790087230560232,31.5392533086823
"1806","task13","5dof","Triceps Medial Head",84.360870180212,11.6437494463239,86.7459363632465,30.4961488803727,99.9995844614137
